"Gene_id","Intersection_category","Intersection_count"
"0610012G03RIK","B6D2F1 pure (N=1)|C57BL/6 pure (N=3)|C57BL/6 x mix (N=3)|CAST/EiJxC57BL/6J (N=1)",4
"1700021F05RIK","B6D2F1 pure (N=1)|C57BL/6 pure (N=3)|C57BL/6 x mix (N=3)|CAST/EiJxC57BL/6J (N=1)",4
"1810009A15RIK","B6D2F1 pure (N=1)|C57BL/6 pure (N=3)|C57BL/6 x mix (N=3)|CAST/EiJxC57BL/6J (N=1)",4
"4930453N24RIK","B6D2F1 pure (N=1)|C57BL/6 pure (N=3)|C57BL/6 x mix (N=3)|CAST/EiJxC57BL/6J (N=1)",4
"4933434E20RIK","B6D2F1 pure (N=1)|C57BL/6 pure (N=3)|C57BL/6 x mix (N=3)|CAST/EiJxC57BL/6J (N=1)",4
"5730455P16RIK","B6D2F1 pure (N=1)|C57BL/6 pure (N=3)|C57BL/6 x mix (N=3)|CAST/EiJxC57BL/6J (N=1)",4
"A530032D15RIK","B6D2F1 pure (N=1)|C57BL/6 pure (N=3)|C57BL/6 x mix (N=3)|CAST/EiJxC57BL/6J (N=1)",4
"AAMDC","B6D2F1 pure (N=1)|C57BL/6 pure (N=3)|C57BL/6 x mix (N=3)|CAST/EiJxC57BL/6J (N=1)",4
"ABHD6","B6D2F1 pure (N=1)|C57BL/6 pure (N=3)|C57BL/6 x mix (N=3)|CAST/EiJxC57BL/6J (N=1)",4
"AC132444.1","B6D2F1 pure (N=1)|C57BL/6 pure (N=3)|C57BL/6 x mix (N=3)|CAST/EiJxC57BL/6J (N=1)",4
"AC168977.1","B6D2F1 pure (N=1)|C57BL/6 pure (N=3)|C57BL/6 x mix (N=3)|CAST/EiJxC57BL/6J (N=1)",4
"ACAT1","B6D2F1 pure (N=1)|C57BL/6 pure (N=3)|C57BL/6 x mix (N=3)|CAST/EiJxC57BL/6J (N=1)",4
"ACTR6","B6D2F1 pure (N=1)|C57BL/6 pure (N=3)|C57BL/6 x mix (N=3)|CAST/EiJxC57BL/6J (N=1)",4
"AGPAT5","B6D2F1 pure (N=1)|C57BL/6 pure (N=3)|C57BL/6 x mix (N=3)|CAST/EiJxC57BL/6J (N=1)",4
"AHCTF1","B6D2F1 pure (N=1)|C57BL/6 pure (N=3)|C57BL/6 x mix (N=3)|CAST/EiJxC57BL/6J (N=1)",4
"AIMP2","B6D2F1 pure (N=1)|C57BL/6 pure (N=3)|C57BL/6 x mix (N=3)|CAST/EiJxC57BL/6J (N=1)",4
"AKAP8","B6D2F1 pure (N=1)|C57BL/6 pure (N=3)|C57BL/6 x mix (N=3)|CAST/EiJxC57BL/6J (N=1)",4
"ALOX12","B6D2F1 pure (N=1)|C57BL/6 pure (N=3)|C57BL/6 x mix (N=3)|CAST/EiJxC57BL/6J (N=1)",4
"ANKRD13C","B6D2F1 pure (N=1)|C57BL/6 pure (N=3)|C57BL/6 x mix (N=3)|CAST/EiJxC57BL/6J (N=1)",4
"ANP32E","B6D2F1 pure (N=1)|C57BL/6 pure (N=3)|C57BL/6 x mix (N=3)|CAST/EiJxC57BL/6J (N=1)",4
"AP1S1","B6D2F1 pure (N=1)|C57BL/6 pure (N=3)|C57BL/6 x mix (N=3)|CAST/EiJxC57BL/6J (N=1)",4
"APPBP2","B6D2F1 pure (N=1)|C57BL/6 pure (N=3)|C57BL/6 x mix (N=3)|CAST/EiJxC57BL/6J (N=1)",4
"ARFRP1","B6D2F1 pure (N=1)|C57BL/6 pure (N=3)|C57BL/6 x mix (N=3)|CAST/EiJxC57BL/6J (N=1)",4
"ARGLU1","B6D2F1 pure (N=1)|C57BL/6 pure (N=3)|C57BL/6 x mix (N=3)|CAST/EiJxC57BL/6J (N=1)",4
"ARID4B","B6D2F1 pure (N=1)|C57BL/6 pure (N=3)|C57BL/6 x mix (N=3)|CAST/EiJxC57BL/6J (N=1)",4
"ARIH2","B6D2F1 pure (N=1)|C57BL/6 pure (N=3)|C57BL/6 x mix (N=3)|CAST/EiJxC57BL/6J (N=1)",4
"ARL3","B6D2F1 pure (N=1)|C57BL/6 pure (N=3)|C57BL/6 x mix (N=3)|CAST/EiJxC57BL/6J (N=1)",4
"ARPC1A","B6D2F1 pure (N=1)|C57BL/6 pure (N=3)|C57BL/6 x mix (N=3)|CAST/EiJxC57BL/6J (N=1)",4
"ARSK","B6D2F1 pure (N=1)|C57BL/6 pure (N=3)|C57BL/6 x mix (N=3)|CAST/EiJxC57BL/6J (N=1)",4
"ASB6","B6D2F1 pure (N=1)|C57BL/6 pure (N=3)|C57BL/6 x mix (N=3)|CAST/EiJxC57BL/6J (N=1)",4
"ATAD2","B6D2F1 pure (N=1)|C57BL/6 pure (N=3)|C57BL/6 x mix (N=3)|CAST/EiJxC57BL/6J (N=1)",4
"ATF1","B6D2F1 pure (N=1)|C57BL/6 pure (N=3)|C57BL/6 x mix (N=3)|CAST/EiJxC57BL/6J (N=1)",4
"ATF7IP","B6D2F1 pure (N=1)|C57BL/6 pure (N=3)|C57BL/6 x mix (N=3)|CAST/EiJxC57BL/6J (N=1)",4
"ATF7IP2","B6D2F1 pure (N=1)|C57BL/6 pure (N=3)|C57BL/6 x mix (N=3)|CAST/EiJxC57BL/6J (N=1)",4
"ATG13","B6D2F1 pure (N=1)|C57BL/6 pure (N=3)|C57BL/6 x mix (N=3)|CAST/EiJxC57BL/6J (N=1)",4
"ATOX1","B6D2F1 pure (N=1)|C57BL/6 pure (N=3)|C57BL/6 x mix (N=3)|CAST/EiJxC57BL/6J (N=1)",4
"ATP13A3","B6D2F1 pure (N=1)|C57BL/6 pure (N=3)|C57BL/6 x mix (N=3)|CAST/EiJxC57BL/6J (N=1)",4
"ATP5F1","B6D2F1 pure (N=1)|C57BL/6 pure (N=3)|C57BL/6 x mix (N=3)|CAST/EiJxC57BL/6J (N=1)",4
"ATP5G1","B6D2F1 pure (N=1)|C57BL/6 pure (N=3)|C57BL/6 x mix (N=3)|CAST/EiJxC57BL/6J (N=1)",4
"ATP5J","B6D2F1 pure (N=1)|C57BL/6 pure (N=3)|C57BL/6 x mix (N=3)|CAST/EiJxC57BL/6J (N=1)",4
"ATP5O","B6D2F1 pure (N=1)|C57BL/6 pure (N=3)|C57BL/6 x mix (N=3)|CAST/EiJxC57BL/6J (N=1)",4
"ATP6V0E","B6D2F1 pure (N=1)|C57BL/6 pure (N=3)|C57BL/6 x mix (N=3)|CAST/EiJxC57BL/6J (N=1)",4
"ATPIF1","B6D2F1 pure (N=1)|C57BL/6 pure (N=3)|C57BL/6 x mix (N=3)|CAST/EiJxC57BL/6J (N=1)",4
"ATRAID","B6D2F1 pure (N=1)|C57BL/6 pure (N=3)|C57BL/6 x mix (N=3)|CAST/EiJxC57BL/6J (N=1)",4
"ATRIP","B6D2F1 pure (N=1)|C57BL/6 pure (N=3)|C57BL/6 x mix (N=3)|CAST/EiJxC57BL/6J (N=1)",4
"ATXN3","B6D2F1 pure (N=1)|C57BL/6 pure (N=3)|C57BL/6 x mix (N=3)|CAST/EiJxC57BL/6J (N=1)",4
"AURKAIP1","B6D2F1 pure (N=1)|C57BL/6 pure (N=3)|C57BL/6 x mix (N=3)|CAST/EiJxC57BL/6J (N=1)",4
"B2M","B6D2F1 pure (N=1)|C57BL/6 pure (N=3)|C57BL/6 x mix (N=3)|CAST/EiJxC57BL/6J (N=1)",4
"B4GALT3","B6D2F1 pure (N=1)|C57BL/6 pure (N=3)|C57BL/6 x mix (N=3)|CAST/EiJxC57BL/6J (N=1)",4
"BBS2","B6D2F1 pure (N=1)|C57BL/6 pure (N=3)|C57BL/6 x mix (N=3)|CAST/EiJxC57BL/6J (N=1)",4
"BCLAF1","B6D2F1 pure (N=1)|C57BL/6 pure (N=3)|C57BL/6 x mix (N=3)|CAST/EiJxC57BL/6J (N=1)",4
"BIRC5","B6D2F1 pure (N=1)|C57BL/6 pure (N=3)|C57BL/6 x mix (N=3)|CAST/EiJxC57BL/6J (N=1)",4
"BLOC1S2","B6D2F1 pure (N=1)|C57BL/6 pure (N=3)|C57BL/6 x mix (N=3)|CAST/EiJxC57BL/6J (N=1)",4
"BNIP3","B6D2F1 pure (N=1)|C57BL/6 pure (N=3)|C57BL/6 x mix (N=3)|CAST/EiJxC57BL/6J (N=1)",4
"BRCA2","B6D2F1 pure (N=1)|C57BL/6 pure (N=3)|C57BL/6 x mix (N=3)|CAST/EiJxC57BL/6J (N=1)",4
"BRMS1L","B6D2F1 pure (N=1)|C57BL/6 pure (N=3)|C57BL/6 x mix (N=3)|CAST/EiJxC57BL/6J (N=1)",4
"BZW1","B6D2F1 pure (N=1)|C57BL/6 pure (N=3)|C57BL/6 x mix (N=3)|CAST/EiJxC57BL/6J (N=1)",4
"C130026I21RIK","B6D2F1 pure (N=1)|C57BL/6 pure (N=3)|C57BL/6 x mix (N=3)|CAST/EiJxC57BL/6J (N=1)",4
"C130073F10RIK","B6D2F1 pure (N=1)|C57BL/6 pure (N=3)|C57BL/6 x mix (N=3)|CAST/EiJxC57BL/6J (N=1)",4
"C1QBP","B6D2F1 pure (N=1)|C57BL/6 pure (N=3)|C57BL/6 x mix (N=3)|CAST/EiJxC57BL/6J (N=1)",4
"CAB39","B6D2F1 pure (N=1)|C57BL/6 pure (N=3)|C57BL/6 x mix (N=3)|CAST/EiJxC57BL/6J (N=1)",4
"CALM2","B6D2F1 pure (N=1)|C57BL/6 pure (N=3)|C57BL/6 x mix (N=3)|CAST/EiJxC57BL/6J (N=1)",4
"CCDC124","B6D2F1 pure (N=1)|C57BL/6 pure (N=3)|C57BL/6 x mix (N=3)|CAST/EiJxC57BL/6J (N=1)",4
"CCDC25","B6D2F1 pure (N=1)|C57BL/6 pure (N=3)|C57BL/6 x mix (N=3)|CAST/EiJxC57BL/6J (N=1)",4
"CCDC88A","B6D2F1 pure (N=1)|C57BL/6 pure (N=3)|C57BL/6 x mix (N=3)|CAST/EiJxC57BL/6J (N=1)",4
"CCNA2","B6D2F1 pure (N=1)|C57BL/6 pure (N=3)|C57BL/6 x mix (N=3)|CAST/EiJxC57BL/6J (N=1)",4
"CCPG1","B6D2F1 pure (N=1)|C57BL/6 pure (N=3)|C57BL/6 x mix (N=3)|CAST/EiJxC57BL/6J (N=1)",4
"CCT4","B6D2F1 pure (N=1)|C57BL/6 pure (N=3)|C57BL/6 x mix (N=3)|CAST/EiJxC57BL/6J (N=1)",4
"CD320","B6D2F1 pure (N=1)|C57BL/6 pure (N=3)|C57BL/6 x mix (N=3)|CAST/EiJxC57BL/6J (N=1)",4
"CD9","B6D2F1 pure (N=1)|C57BL/6 pure (N=3)|C57BL/6 x mix (N=3)|CAST/EiJxC57BL/6J (N=1)",4
"CDC25C","B6D2F1 pure (N=1)|C57BL/6 pure (N=3)|C57BL/6 x mix (N=3)|CAST/EiJxC57BL/6J (N=1)",4
"CDC5L","B6D2F1 pure (N=1)|C57BL/6 pure (N=3)|C57BL/6 x mix (N=3)|CAST/EiJxC57BL/6J (N=1)",4
"CDK1","B6D2F1 pure (N=1)|C57BL/6 pure (N=3)|C57BL/6 x mix (N=3)|CAST/EiJxC57BL/6J (N=1)",4
"CENPT","B6D2F1 pure (N=1)|C57BL/6 pure (N=3)|C57BL/6 x mix (N=3)|CAST/EiJxC57BL/6J (N=1)",4
"CENPW","B6D2F1 pure (N=1)|C57BL/6 pure (N=3)|C57BL/6 x mix (N=3)|CAST/EiJxC57BL/6J (N=1)",4
"CEP192","B6D2F1 pure (N=1)|C57BL/6 pure (N=3)|C57BL/6 x mix (N=3)|CAST/EiJxC57BL/6J (N=1)",4
"CHD1","B6D2F1 pure (N=1)|C57BL/6 pure (N=3)|C57BL/6 x mix (N=3)|CAST/EiJxC57BL/6J (N=1)",4
"CHPT1","B6D2F1 pure (N=1)|C57BL/6 pure (N=3)|C57BL/6 x mix (N=3)|CAST/EiJxC57BL/6J (N=1)",4
"CHURC1","B6D2F1 pure (N=1)|C57BL/6 pure (N=3)|C57BL/6 x mix (N=3)|CAST/EiJxC57BL/6J (N=1)",4
"CKS2","B6D2F1 pure (N=1)|C57BL/6 pure (N=3)|C57BL/6 x mix (N=3)|CAST/EiJxC57BL/6J (N=1)",4
"CLPX","B6D2F1 pure (N=1)|C57BL/6 pure (N=3)|C57BL/6 x mix (N=3)|CAST/EiJxC57BL/6J (N=1)",4
"CMSS1","B6D2F1 pure (N=1)|C57BL/6 pure (N=3)|C57BL/6 x mix (N=3)|CAST/EiJxC57BL/6J (N=1)",4
"CNST","B6D2F1 pure (N=1)|C57BL/6 pure (N=3)|C57BL/6 x mix (N=3)|CAST/EiJxC57BL/6J (N=1)",4
"COA7","B6D2F1 pure (N=1)|C57BL/6 pure (N=3)|C57BL/6 x mix (N=3)|CAST/EiJxC57BL/6J (N=1)",4
"COMMD2","B6D2F1 pure (N=1)|C57BL/6 pure (N=3)|C57BL/6 x mix (N=3)|CAST/EiJxC57BL/6J (N=1)",4
"COPS6","B6D2F1 pure (N=1)|C57BL/6 pure (N=3)|C57BL/6 x mix (N=3)|CAST/EiJxC57BL/6J (N=1)",4
"COX17","B6D2F1 pure (N=1)|C57BL/6 pure (N=3)|C57BL/6 x mix (N=3)|CAST/EiJxC57BL/6J (N=1)",4
"COX4I1","B6D2F1 pure (N=1)|C57BL/6 pure (N=3)|C57BL/6 x mix (N=3)|CAST/EiJxC57BL/6J (N=1)",4
"COX7B","B6D2F1 pure (N=1)|C57BL/6 pure (N=3)|C57BL/6 x mix (N=3)|CAST/EiJxC57BL/6J (N=1)",4
"CPTP","B6D2F1 pure (N=1)|C57BL/6 pure (N=3)|C57BL/6 x mix (N=3)|CAST/EiJxC57BL/6J (N=1)",4
"CROT","B6D2F1 pure (N=1)|C57BL/6 pure (N=3)|C57BL/6 x mix (N=3)|CAST/EiJxC57BL/6J (N=1)",4
"CTPS","B6D2F1 pure (N=1)|C57BL/6 pure (N=3)|C57BL/6 x mix (N=3)|CAST/EiJxC57BL/6J (N=1)",4
"CUL3","B6D2F1 pure (N=1)|C57BL/6 pure (N=3)|C57BL/6 x mix (N=3)|CAST/EiJxC57BL/6J (N=1)",4
"D16ERTD472E","B6D2F1 pure (N=1)|C57BL/6 pure (N=3)|C57BL/6 x mix (N=3)|CAST/EiJxC57BL/6J (N=1)",4
"DDR2","B6D2F1 pure (N=1)|C57BL/6 pure (N=3)|C57BL/6 x mix (N=3)|CAST/EiJxC57BL/6J (N=1)",4
"DDT","B6D2F1 pure (N=1)|C57BL/6 pure (N=3)|C57BL/6 x mix (N=3)|CAST/EiJxC57BL/6J (N=1)",4
"DDX21","B6D2F1 pure (N=1)|C57BL/6 pure (N=3)|C57BL/6 x mix (N=3)|CAST/EiJxC57BL/6J (N=1)",4
"DDX39","B6D2F1 pure (N=1)|C57BL/6 pure (N=3)|C57BL/6 x mix (N=3)|CAST/EiJxC57BL/6J (N=1)",4
"DDX49","B6D2F1 pure (N=1)|C57BL/6 pure (N=3)|C57BL/6 x mix (N=3)|CAST/EiJxC57BL/6J (N=1)",4
"DDX52","B6D2F1 pure (N=1)|C57BL/6 pure (N=3)|C57BL/6 x mix (N=3)|CAST/EiJxC57BL/6J (N=1)",4
"DENR","B6D2F1 pure (N=1)|C57BL/6 pure (N=3)|C57BL/6 x mix (N=3)|CAST/EiJxC57BL/6J (N=1)",4
"DNA2","B6D2F1 pure (N=1)|C57BL/6 pure (N=3)|C57BL/6 x mix (N=3)|CAST/EiJxC57BL/6J (N=1)",4
"DNAJB9","B6D2F1 pure (N=1)|C57BL/6 pure (N=3)|C57BL/6 x mix (N=3)|CAST/EiJxC57BL/6J (N=1)",4
"DNAJC15","B6D2F1 pure (N=1)|C57BL/6 pure (N=3)|C57BL/6 x mix (N=3)|CAST/EiJxC57BL/6J (N=1)",4
"DNAJC8","B6D2F1 pure (N=1)|C57BL/6 pure (N=3)|C57BL/6 x mix (N=3)|CAST/EiJxC57BL/6J (N=1)",4
"DPM1","B6D2F1 pure (N=1)|C57BL/6 pure (N=3)|C57BL/6 x mix (N=3)|CAST/EiJxC57BL/6J (N=1)",4
"DPPA5A","B6D2F1 pure (N=1)|C57BL/6 pure (N=3)|C57BL/6 x mix (N=3)|CAST/EiJxC57BL/6J (N=1)",4
"DRG1","B6D2F1 pure (N=1)|C57BL/6 pure (N=3)|C57BL/6 x mix (N=3)|CAST/EiJxC57BL/6J (N=1)",4
"DYNLL1","B6D2F1 pure (N=1)|C57BL/6 pure (N=3)|C57BL/6 x mix (N=3)|CAST/EiJxC57BL/6J (N=1)",4
"E030030I06RIK","B6D2F1 pure (N=1)|C57BL/6 pure (N=3)|C57BL/6 x mix (N=3)|CAST/EiJxC57BL/6J (N=1)",4
"EBNA1BP2","B6D2F1 pure (N=1)|C57BL/6 pure (N=3)|C57BL/6 x mix (N=3)|CAST/EiJxC57BL/6J (N=1)",4
"ECI1","B6D2F1 pure (N=1)|C57BL/6 pure (N=3)|C57BL/6 x mix (N=3)|CAST/EiJxC57BL/6J (N=1)",4
"ECSIT","B6D2F1 pure (N=1)|C57BL/6 pure (N=3)|C57BL/6 x mix (N=3)|CAST/EiJxC57BL/6J (N=1)",4
"EED","B6D2F1 pure (N=1)|C57BL/6 pure (N=3)|C57BL/6 x mix (N=3)|CAST/EiJxC57BL/6J (N=1)",4
"EEF1AKMT4","B6D2F1 pure (N=1)|C57BL/6 pure (N=3)|C57BL/6 x mix (N=3)|CAST/EiJxC57BL/6J (N=1)",4
"EI24","B6D2F1 pure (N=1)|C57BL/6 pure (N=3)|C57BL/6 x mix (N=3)|CAST/EiJxC57BL/6J (N=1)",4
"EIF2A","B6D2F1 pure (N=1)|C57BL/6 pure (N=3)|C57BL/6 x mix (N=3)|CAST/EiJxC57BL/6J (N=1)",4
"EIF3A","B6D2F1 pure (N=1)|C57BL/6 pure (N=3)|C57BL/6 x mix (N=3)|CAST/EiJxC57BL/6J (N=1)",4
"EIF3C","B6D2F1 pure (N=1)|C57BL/6 pure (N=3)|C57BL/6 x mix (N=3)|CAST/EiJxC57BL/6J (N=1)",4
"EIF3G","B6D2F1 pure (N=1)|C57BL/6 pure (N=3)|C57BL/6 x mix (N=3)|CAST/EiJxC57BL/6J (N=1)",4
"EIF3H","B6D2F1 pure (N=1)|C57BL/6 pure (N=3)|C57BL/6 x mix (N=3)|CAST/EiJxC57BL/6J (N=1)",4
"EIF3J2","B6D2F1 pure (N=1)|C57BL/6 pure (N=3)|C57BL/6 x mix (N=3)|CAST/EiJxC57BL/6J (N=1)",4
"EIF4E2","B6D2F1 pure (N=1)|C57BL/6 pure (N=3)|C57BL/6 x mix (N=3)|CAST/EiJxC57BL/6J (N=1)",4
"EIF4G2","B6D2F1 pure (N=1)|C57BL/6 pure (N=3)|C57BL/6 x mix (N=3)|CAST/EiJxC57BL/6J (N=1)",4
"EIF6","B6D2F1 pure (N=1)|C57BL/6 pure (N=3)|C57BL/6 x mix (N=3)|CAST/EiJxC57BL/6J (N=1)",4
"ELL2","B6D2F1 pure (N=1)|C57BL/6 pure (N=3)|C57BL/6 x mix (N=3)|CAST/EiJxC57BL/6J (N=1)",4
"ELOA","B6D2F1 pure (N=1)|C57BL/6 pure (N=3)|C57BL/6 x mix (N=3)|CAST/EiJxC57BL/6J (N=1)",4
"ELOB","B6D2F1 pure (N=1)|C57BL/6 pure (N=3)|C57BL/6 x mix (N=3)|CAST/EiJxC57BL/6J (N=1)",4
"ELP5","B6D2F1 pure (N=1)|C57BL/6 pure (N=3)|C57BL/6 x mix (N=3)|CAST/EiJxC57BL/6J (N=1)",4
"EMC3","B6D2F1 pure (N=1)|C57BL/6 pure (N=3)|C57BL/6 x mix (N=3)|CAST/EiJxC57BL/6J (N=1)",4
"EMC4","B6D2F1 pure (N=1)|C57BL/6 pure (N=3)|C57BL/6 x mix (N=3)|CAST/EiJxC57BL/6J (N=1)",4
"EMG1","B6D2F1 pure (N=1)|C57BL/6 pure (N=3)|C57BL/6 x mix (N=3)|CAST/EiJxC57BL/6J (N=1)",4
"ENY2","B6D2F1 pure (N=1)|C57BL/6 pure (N=3)|C57BL/6 x mix (N=3)|CAST/EiJxC57BL/6J (N=1)",4
"ETF1","B6D2F1 pure (N=1)|C57BL/6 pure (N=3)|C57BL/6 x mix (N=3)|CAST/EiJxC57BL/6J (N=1)",4
"EXOSC2","B6D2F1 pure (N=1)|C57BL/6 pure (N=3)|C57BL/6 x mix (N=3)|CAST/EiJxC57BL/6J (N=1)",4
"EXOSC5","B6D2F1 pure (N=1)|C57BL/6 pure (N=3)|C57BL/6 x mix (N=3)|CAST/EiJxC57BL/6J (N=1)",4
"FAM45A","B6D2F1 pure (N=1)|C57BL/6 pure (N=3)|C57BL/6 x mix (N=3)|CAST/EiJxC57BL/6J (N=1)",4
"FAR1","B6D2F1 pure (N=1)|C57BL/6 pure (N=3)|C57BL/6 x mix (N=3)|CAST/EiJxC57BL/6J (N=1)",4
"FBL","B6D2F1 pure (N=1)|C57BL/6 pure (N=3)|C57BL/6 x mix (N=3)|CAST/EiJxC57BL/6J (N=1)",4
"FBXO15","B6D2F1 pure (N=1)|C57BL/6 pure (N=3)|C57BL/6 x mix (N=3)|CAST/EiJxC57BL/6J (N=1)",4
"FBXO36","B6D2F1 pure (N=1)|C57BL/6 pure (N=3)|C57BL/6 x mix (N=3)|CAST/EiJxC57BL/6J (N=1)",4
"FCF1","B6D2F1 pure (N=1)|C57BL/6 pure (N=3)|C57BL/6 x mix (N=3)|CAST/EiJxC57BL/6J (N=1)",4
"FDPS","B6D2F1 pure (N=1)|C57BL/6 pure (N=3)|C57BL/6 x mix (N=3)|CAST/EiJxC57BL/6J (N=1)",4
"FKBP3","B6D2F1 pure (N=1)|C57BL/6 pure (N=3)|C57BL/6 x mix (N=3)|CAST/EiJxC57BL/6J (N=1)",4
"FKBP4","B6D2F1 pure (N=1)|C57BL/6 pure (N=3)|C57BL/6 x mix (N=3)|CAST/EiJxC57BL/6J (N=1)",4
"FOXR1","B6D2F1 pure (N=1)|C57BL/6 pure (N=3)|C57BL/6 x mix (N=3)|CAST/EiJxC57BL/6J (N=1)",4
"FTH1","B6D2F1 pure (N=1)|C57BL/6 pure (N=3)|C57BL/6 x mix (N=3)|CAST/EiJxC57BL/6J (N=1)",4
"FTL1","B6D2F1 pure (N=1)|C57BL/6 pure (N=3)|C57BL/6 x mix (N=3)|CAST/EiJxC57BL/6J (N=1)",4
"GABARAP","B6D2F1 pure (N=1)|C57BL/6 pure (N=3)|C57BL/6 x mix (N=3)|CAST/EiJxC57BL/6J (N=1)",4
"GABARAPL2","B6D2F1 pure (N=1)|C57BL/6 pure (N=3)|C57BL/6 x mix (N=3)|CAST/EiJxC57BL/6J (N=1)",4
"GDE1","B6D2F1 pure (N=1)|C57BL/6 pure (N=3)|C57BL/6 x mix (N=3)|CAST/EiJxC57BL/6J (N=1)",4
"GM10053","B6D2F1 pure (N=1)|C57BL/6 pure (N=3)|C57BL/6 x mix (N=3)|CAST/EiJxC57BL/6J (N=1)",4
"GM11237","B6D2F1 pure (N=1)|C57BL/6 pure (N=3)|C57BL/6 x mix (N=3)|CAST/EiJxC57BL/6J (N=1)",4
"GM11239","B6D2F1 pure (N=1)|C57BL/6 pure (N=3)|C57BL/6 x mix (N=3)|CAST/EiJxC57BL/6J (N=1)",4
"GM16026","B6D2F1 pure (N=1)|C57BL/6 pure (N=3)|C57BL/6 x mix (N=3)|CAST/EiJxC57BL/6J (N=1)",4
"GM16427","B6D2F1 pure (N=1)|C57BL/6 pure (N=3)|C57BL/6 x mix (N=3)|CAST/EiJxC57BL/6J (N=1)",4
"GM20594","B6D2F1 pure (N=1)|C57BL/6 pure (N=3)|C57BL/6 x mix (N=3)|CAST/EiJxC57BL/6J (N=1)",4
"GM21818","B6D2F1 pure (N=1)|C57BL/6 pure (N=3)|C57BL/6 x mix (N=3)|CAST/EiJxC57BL/6J (N=1)",4
"GM47924","B6D2F1 pure (N=1)|C57BL/6 pure (N=3)|C57BL/6 x mix (N=3)|CAST/EiJxC57BL/6J (N=1)",4
"GM5039","B6D2F1 pure (N=1)|C57BL/6 pure (N=3)|C57BL/6 x mix (N=3)|CAST/EiJxC57BL/6J (N=1)",4
"GM9973","B6D2F1 pure (N=1)|C57BL/6 pure (N=3)|C57BL/6 x mix (N=3)|CAST/EiJxC57BL/6J (N=1)",4
"GPCPD1","B6D2F1 pure (N=1)|C57BL/6 pure (N=3)|C57BL/6 x mix (N=3)|CAST/EiJxC57BL/6J (N=1)",4
"GPD1L","B6D2F1 pure (N=1)|C57BL/6 pure (N=3)|C57BL/6 x mix (N=3)|CAST/EiJxC57BL/6J (N=1)",4
"GPN1","B6D2F1 pure (N=1)|C57BL/6 pure (N=3)|C57BL/6 x mix (N=3)|CAST/EiJxC57BL/6J (N=1)",4
"GPX1","B6D2F1 pure (N=1)|C57BL/6 pure (N=3)|C57BL/6 x mix (N=3)|CAST/EiJxC57BL/6J (N=1)",4
"GPX4","B6D2F1 pure (N=1)|C57BL/6 pure (N=3)|C57BL/6 x mix (N=3)|CAST/EiJxC57BL/6J (N=1)",4
"GRHL2","B6D2F1 pure (N=1)|C57BL/6 pure (N=3)|C57BL/6 x mix (N=3)|CAST/EiJxC57BL/6J (N=1)",4
"GTF2H5","B6D2F1 pure (N=1)|C57BL/6 pure (N=3)|C57BL/6 x mix (N=3)|CAST/EiJxC57BL/6J (N=1)",4
"GTF3C6","B6D2F1 pure (N=1)|C57BL/6 pure (N=3)|C57BL/6 x mix (N=3)|CAST/EiJxC57BL/6J (N=1)",4
"GTPBP4","B6D2F1 pure (N=1)|C57BL/6 pure (N=3)|C57BL/6 x mix (N=3)|CAST/EiJxC57BL/6J (N=1)",4
"H2AFJ","B6D2F1 pure (N=1)|C57BL/6 pure (N=3)|C57BL/6 x mix (N=3)|CAST/EiJxC57BL/6J (N=1)",4
"H2AFV","B6D2F1 pure (N=1)|C57BL/6 pure (N=3)|C57BL/6 x mix (N=3)|CAST/EiJxC57BL/6J (N=1)",4
"H2AFZ","B6D2F1 pure (N=1)|C57BL/6 pure (N=3)|C57BL/6 x mix (N=3)|CAST/EiJxC57BL/6J (N=1)",4
"HBP1","B6D2F1 pure (N=1)|C57BL/6 pure (N=3)|C57BL/6 x mix (N=3)|CAST/EiJxC57BL/6J (N=1)",4
"HDAC1","B6D2F1 pure (N=1)|C57BL/6 pure (N=3)|C57BL/6 x mix (N=3)|CAST/EiJxC57BL/6J (N=1)",4
"HDGF","B6D2F1 pure (N=1)|C57BL/6 pure (N=3)|C57BL/6 x mix (N=3)|CAST/EiJxC57BL/6J (N=1)",4
"HIGD1A","B6D2F1 pure (N=1)|C57BL/6 pure (N=3)|C57BL/6 x mix (N=3)|CAST/EiJxC57BL/6J (N=1)",4
"HMBS","B6D2F1 pure (N=1)|C57BL/6 pure (N=3)|C57BL/6 x mix (N=3)|CAST/EiJxC57BL/6J (N=1)",4
"HMGB1","B6D2F1 pure (N=1)|C57BL/6 pure (N=3)|C57BL/6 x mix (N=3)|CAST/EiJxC57BL/6J (N=1)",4
"HMGB3","B6D2F1 pure (N=1)|C57BL/6 pure (N=3)|C57BL/6 x mix (N=3)|CAST/EiJxC57BL/6J (N=1)",4
"HMGN2","B6D2F1 pure (N=1)|C57BL/6 pure (N=3)|C57BL/6 x mix (N=3)|CAST/EiJxC57BL/6J (N=1)",4
"HMGN5","B6D2F1 pure (N=1)|C57BL/6 pure (N=3)|C57BL/6 x mix (N=3)|CAST/EiJxC57BL/6J (N=1)",4
"HMMR","B6D2F1 pure (N=1)|C57BL/6 pure (N=3)|C57BL/6 x mix (N=3)|CAST/EiJxC57BL/6J (N=1)",4
"HMOX2","B6D2F1 pure (N=1)|C57BL/6 pure (N=3)|C57BL/6 x mix (N=3)|CAST/EiJxC57BL/6J (N=1)",4
"HNRNPAB","B6D2F1 pure (N=1)|C57BL/6 pure (N=3)|C57BL/6 x mix (N=3)|CAST/EiJxC57BL/6J (N=1)",4
"HSP90AB1","B6D2F1 pure (N=1)|C57BL/6 pure (N=3)|C57BL/6 x mix (N=3)|CAST/EiJxC57BL/6J (N=1)",4
"IER3IP1","B6D2F1 pure (N=1)|C57BL/6 pure (N=3)|C57BL/6 x mix (N=3)|CAST/EiJxC57BL/6J (N=1)",4
"IFT20","B6D2F1 pure (N=1)|C57BL/6 pure (N=3)|C57BL/6 x mix (N=3)|CAST/EiJxC57BL/6J (N=1)",4
"ILF2","B6D2F1 pure (N=1)|C57BL/6 pure (N=3)|C57BL/6 x mix (N=3)|CAST/EiJxC57BL/6J (N=1)",4
"ING4","B6D2F1 pure (N=1)|C57BL/6 pure (N=3)|C57BL/6 x mix (N=3)|CAST/EiJxC57BL/6J (N=1)",4
"INO80C","B6D2F1 pure (N=1)|C57BL/6 pure (N=3)|C57BL/6 x mix (N=3)|CAST/EiJxC57BL/6J (N=1)",4
"INSIG1","B6D2F1 pure (N=1)|C57BL/6 pure (N=3)|C57BL/6 x mix (N=3)|CAST/EiJxC57BL/6J (N=1)",4
"IPO5","B6D2F1 pure (N=1)|C57BL/6 pure (N=3)|C57BL/6 x mix (N=3)|CAST/EiJxC57BL/6J (N=1)",4
"IVNS1ABP","B6D2F1 pure (N=1)|C57BL/6 pure (N=3)|C57BL/6 x mix (N=3)|CAST/EiJxC57BL/6J (N=1)",4
"IWS1","B6D2F1 pure (N=1)|C57BL/6 pure (N=3)|C57BL/6 x mix (N=3)|CAST/EiJxC57BL/6J (N=1)",4
"JPT1","B6D2F1 pure (N=1)|C57BL/6 pure (N=3)|C57BL/6 x mix (N=3)|CAST/EiJxC57BL/6J (N=1)",4
"KHDRBS1","B6D2F1 pure (N=1)|C57BL/6 pure (N=3)|C57BL/6 x mix (N=3)|CAST/EiJxC57BL/6J (N=1)",4
"KNOP1","B6D2F1 pure (N=1)|C57BL/6 pure (N=3)|C57BL/6 x mix (N=3)|CAST/EiJxC57BL/6J (N=1)",4
"KRIT1","B6D2F1 pure (N=1)|C57BL/6 pure (N=3)|C57BL/6 x mix (N=3)|CAST/EiJxC57BL/6J (N=1)",4
"LAGE3","B6D2F1 pure (N=1)|C57BL/6 pure (N=3)|C57BL/6 x mix (N=3)|CAST/EiJxC57BL/6J (N=1)",4
"LARP1B","B6D2F1 pure (N=1)|C57BL/6 pure (N=3)|C57BL/6 x mix (N=3)|CAST/EiJxC57BL/6J (N=1)",4
"LBR","B6D2F1 pure (N=1)|C57BL/6 pure (N=3)|C57BL/6 x mix (N=3)|CAST/EiJxC57BL/6J (N=1)",4
"LRPAP1","B6D2F1 pure (N=1)|C57BL/6 pure (N=3)|C57BL/6 x mix (N=3)|CAST/EiJxC57BL/6J (N=1)",4
"LSG1","B6D2F1 pure (N=1)|C57BL/6 pure (N=3)|C57BL/6 x mix (N=3)|CAST/EiJxC57BL/6J (N=1)",4
"LSM12","B6D2F1 pure (N=1)|C57BL/6 pure (N=3)|C57BL/6 x mix (N=3)|CAST/EiJxC57BL/6J (N=1)",4
"LSM8","B6D2F1 pure (N=1)|C57BL/6 pure (N=3)|C57BL/6 x mix (N=3)|CAST/EiJxC57BL/6J (N=1)",4
"LUC7L","B6D2F1 pure (N=1)|C57BL/6 pure (N=3)|C57BL/6 x mix (N=3)|CAST/EiJxC57BL/6J (N=1)",4
"M6PR","B6D2F1 pure (N=1)|C57BL/6 pure (N=3)|C57BL/6 x mix (N=3)|CAST/EiJxC57BL/6J (N=1)",4
"MAD2L1","B6D2F1 pure (N=1)|C57BL/6 pure (N=3)|C57BL/6 x mix (N=3)|CAST/EiJxC57BL/6J (N=1)",4
"MAD2L1BP","B6D2F1 pure (N=1)|C57BL/6 pure (N=3)|C57BL/6 x mix (N=3)|CAST/EiJxC57BL/6J (N=1)",4
"MAP1LC3B","B6D2F1 pure (N=1)|C57BL/6 pure (N=3)|C57BL/6 x mix (N=3)|CAST/EiJxC57BL/6J (N=1)",4
"MAPKAPK5","B6D2F1 pure (N=1)|C57BL/6 pure (N=3)|C57BL/6 x mix (N=3)|CAST/EiJxC57BL/6J (N=1)",4
"MCTS1","B6D2F1 pure (N=1)|C57BL/6 pure (N=3)|C57BL/6 x mix (N=3)|CAST/EiJxC57BL/6J (N=1)",4
"MDH2","B6D2F1 pure (N=1)|C57BL/6 pure (N=3)|C57BL/6 x mix (N=3)|CAST/EiJxC57BL/6J (N=1)",4
"MED14","B6D2F1 pure (N=1)|C57BL/6 pure (N=3)|C57BL/6 x mix (N=3)|CAST/EiJxC57BL/6J (N=1)",4
"MED7","B6D2F1 pure (N=1)|C57BL/6 pure (N=3)|C57BL/6 x mix (N=3)|CAST/EiJxC57BL/6J (N=1)",4
"MEX3C","B6D2F1 pure (N=1)|C57BL/6 pure (N=3)|C57BL/6 x mix (N=3)|CAST/EiJxC57BL/6J (N=1)",4
"MFSD14A","B6D2F1 pure (N=1)|C57BL/6 pure (N=3)|C57BL/6 x mix (N=3)|CAST/EiJxC57BL/6J (N=1)",4
"MGA","B6D2F1 pure (N=1)|C57BL/6 pure (N=3)|C57BL/6 x mix (N=3)|CAST/EiJxC57BL/6J (N=1)",4
"MIER3","B6D2F1 pure (N=1)|C57BL/6 pure (N=3)|C57BL/6 x mix (N=3)|CAST/EiJxC57BL/6J (N=1)",4
"MKRN1","B6D2F1 pure (N=1)|C57BL/6 pure (N=3)|C57BL/6 x mix (N=3)|CAST/EiJxC57BL/6J (N=1)",4
"MMS22L","B6D2F1 pure (N=1)|C57BL/6 pure (N=3)|C57BL/6 x mix (N=3)|CAST/EiJxC57BL/6J (N=1)",4
"MOB1A","B6D2F1 pure (N=1)|C57BL/6 pure (N=3)|C57BL/6 x mix (N=3)|CAST/EiJxC57BL/6J (N=1)",4
"MPC1","B6D2F1 pure (N=1)|C57BL/6 pure (N=3)|C57BL/6 x mix (N=3)|CAST/EiJxC57BL/6J (N=1)",4
"MPC2","B6D2F1 pure (N=1)|C57BL/6 pure (N=3)|C57BL/6 x mix (N=3)|CAST/EiJxC57BL/6J (N=1)",4
"MRPL12","B6D2F1 pure (N=1)|C57BL/6 pure (N=3)|C57BL/6 x mix (N=3)|CAST/EiJxC57BL/6J (N=1)",4
"MRPL20","B6D2F1 pure (N=1)|C57BL/6 pure (N=3)|C57BL/6 x mix (N=3)|CAST/EiJxC57BL/6J (N=1)",4
"MRPL34","B6D2F1 pure (N=1)|C57BL/6 pure (N=3)|C57BL/6 x mix (N=3)|CAST/EiJxC57BL/6J (N=1)",4
"MRPL42","B6D2F1 pure (N=1)|C57BL/6 pure (N=3)|C57BL/6 x mix (N=3)|CAST/EiJxC57BL/6J (N=1)",4
"MRPL51","B6D2F1 pure (N=1)|C57BL/6 pure (N=3)|C57BL/6 x mix (N=3)|CAST/EiJxC57BL/6J (N=1)",4
"MRPS26","B6D2F1 pure (N=1)|C57BL/6 pure (N=3)|C57BL/6 x mix (N=3)|CAST/EiJxC57BL/6J (N=1)",4
"MRPS6","B6D2F1 pure (N=1)|C57BL/6 pure (N=3)|C57BL/6 x mix (N=3)|CAST/EiJxC57BL/6J (N=1)",4
"MRTO4","B6D2F1 pure (N=1)|C57BL/6 pure (N=3)|C57BL/6 x mix (N=3)|CAST/EiJxC57BL/6J (N=1)",4
"MT-ATP6","B6D2F1 pure (N=1)|C57BL/6 pure (N=3)|C57BL/6 x mix (N=3)|CAST/EiJxC57BL/6J (N=1)",4
"MT-ATP8","B6D2F1 pure (N=1)|C57BL/6 pure (N=3)|C57BL/6 x mix (N=3)|CAST/EiJxC57BL/6J (N=1)",4
"MT-CO1","B6D2F1 pure (N=1)|C57BL/6 pure (N=3)|C57BL/6 x mix (N=3)|CAST/EiJxC57BL/6J (N=1)",4
"MT-CO2","B6D2F1 pure (N=1)|C57BL/6 pure (N=3)|C57BL/6 x mix (N=3)|CAST/EiJxC57BL/6J (N=1)",4
"MT-CO3","B6D2F1 pure (N=1)|C57BL/6 pure (N=3)|C57BL/6 x mix (N=3)|CAST/EiJxC57BL/6J (N=1)",4
"MT-CYTB","B6D2F1 pure (N=1)|C57BL/6 pure (N=3)|C57BL/6 x mix (N=3)|CAST/EiJxC57BL/6J (N=1)",4
"MT-ND1","B6D2F1 pure (N=1)|C57BL/6 pure (N=3)|C57BL/6 x mix (N=3)|CAST/EiJxC57BL/6J (N=1)",4
"MT-ND2","B6D2F1 pure (N=1)|C57BL/6 pure (N=3)|C57BL/6 x mix (N=3)|CAST/EiJxC57BL/6J (N=1)",4
"MT-ND4","B6D2F1 pure (N=1)|C57BL/6 pure (N=3)|C57BL/6 x mix (N=3)|CAST/EiJxC57BL/6J (N=1)",4
"MT-ND4L","B6D2F1 pure (N=1)|C57BL/6 pure (N=3)|C57BL/6 x mix (N=3)|CAST/EiJxC57BL/6J (N=1)",4
"MT-ND5","B6D2F1 pure (N=1)|C57BL/6 pure (N=3)|C57BL/6 x mix (N=3)|CAST/EiJxC57BL/6J (N=1)",4
"MT-ND6","B6D2F1 pure (N=1)|C57BL/6 pure (N=3)|C57BL/6 x mix (N=3)|CAST/EiJxC57BL/6J (N=1)",4
"MT2","B6D2F1 pure (N=1)|C57BL/6 pure (N=3)|C57BL/6 x mix (N=3)|CAST/EiJxC57BL/6J (N=1)",4
"MTUS1","B6D2F1 pure (N=1)|C57BL/6 pure (N=3)|C57BL/6 x mix (N=3)|CAST/EiJxC57BL/6J (N=1)",4
"MYL6","B6D2F1 pure (N=1)|C57BL/6 pure (N=3)|C57BL/6 x mix (N=3)|CAST/EiJxC57BL/6J (N=1)",4
"MYSM1","B6D2F1 pure (N=1)|C57BL/6 pure (N=3)|C57BL/6 x mix (N=3)|CAST/EiJxC57BL/6J (N=1)",4
"NAALAD2","B6D2F1 pure (N=1)|C57BL/6 pure (N=3)|C57BL/6 x mix (N=3)|CAST/EiJxC57BL/6J (N=1)",4
"NABP1","B6D2F1 pure (N=1)|C57BL/6 pure (N=3)|C57BL/6 x mix (N=3)|CAST/EiJxC57BL/6J (N=1)",4
"NDUFA11","B6D2F1 pure (N=1)|C57BL/6 pure (N=3)|C57BL/6 x mix (N=3)|CAST/EiJxC57BL/6J (N=1)",4
"NDUFA2","B6D2F1 pure (N=1)|C57BL/6 pure (N=3)|C57BL/6 x mix (N=3)|CAST/EiJxC57BL/6J (N=1)",4
"NDUFA7","B6D2F1 pure (N=1)|C57BL/6 pure (N=3)|C57BL/6 x mix (N=3)|CAST/EiJxC57BL/6J (N=1)",4
"NDUFA9","B6D2F1 pure (N=1)|C57BL/6 pure (N=3)|C57BL/6 x mix (N=3)|CAST/EiJxC57BL/6J (N=1)",4
"NDUFB10","B6D2F1 pure (N=1)|C57BL/6 pure (N=3)|C57BL/6 x mix (N=3)|CAST/EiJxC57BL/6J (N=1)",4
"NDUFB6","B6D2F1 pure (N=1)|C57BL/6 pure (N=3)|C57BL/6 x mix (N=3)|CAST/EiJxC57BL/6J (N=1)",4
"NDUFC1","B6D2F1 pure (N=1)|C57BL/6 pure (N=3)|C57BL/6 x mix (N=3)|CAST/EiJxC57BL/6J (N=1)",4
"NDUFS8","B6D2F1 pure (N=1)|C57BL/6 pure (N=3)|C57BL/6 x mix (N=3)|CAST/EiJxC57BL/6J (N=1)",4
"NDUFV2","B6D2F1 pure (N=1)|C57BL/6 pure (N=3)|C57BL/6 x mix (N=3)|CAST/EiJxC57BL/6J (N=1)",4
"NEMP1","B6D2F1 pure (N=1)|C57BL/6 pure (N=3)|C57BL/6 x mix (N=3)|CAST/EiJxC57BL/6J (N=1)",4
"NFYB","B6D2F1 pure (N=1)|C57BL/6 pure (N=3)|C57BL/6 x mix (N=3)|CAST/EiJxC57BL/6J (N=1)",4
"NHP2","B6D2F1 pure (N=1)|C57BL/6 pure (N=3)|C57BL/6 x mix (N=3)|CAST/EiJxC57BL/6J (N=1)",4
"NKTR","B6D2F1 pure (N=1)|C57BL/6 pure (N=3)|C57BL/6 x mix (N=3)|CAST/EiJxC57BL/6J (N=1)",4
"NMD3","B6D2F1 pure (N=1)|C57BL/6 pure (N=3)|C57BL/6 x mix (N=3)|CAST/EiJxC57BL/6J (N=1)",4
"NME1","B6D2F1 pure (N=1)|C57BL/6 pure (N=3)|C57BL/6 x mix (N=3)|CAST/EiJxC57BL/6J (N=1)",4
"NOA1","B6D2F1 pure (N=1)|C57BL/6 pure (N=3)|C57BL/6 x mix (N=3)|CAST/EiJxC57BL/6J (N=1)",4
"NOB1","B6D2F1 pure (N=1)|C57BL/6 pure (N=3)|C57BL/6 x mix (N=3)|CAST/EiJxC57BL/6J (N=1)",4
"NOL7","B6D2F1 pure (N=1)|C57BL/6 pure (N=3)|C57BL/6 x mix (N=3)|CAST/EiJxC57BL/6J (N=1)",4
"NOP10","B6D2F1 pure (N=1)|C57BL/6 pure (N=3)|C57BL/6 x mix (N=3)|CAST/EiJxC57BL/6J (N=1)",4
"NOP58","B6D2F1 pure (N=1)|C57BL/6 pure (N=3)|C57BL/6 x mix (N=3)|CAST/EiJxC57BL/6J (N=1)",4
"NPC2","B6D2F1 pure (N=1)|C57BL/6 pure (N=3)|C57BL/6 x mix (N=3)|CAST/EiJxC57BL/6J (N=1)",4
"NUB1","B6D2F1 pure (N=1)|C57BL/6 pure (N=3)|C57BL/6 x mix (N=3)|CAST/EiJxC57BL/6J (N=1)",4
"NUDCD2","B6D2F1 pure (N=1)|C57BL/6 pure (N=3)|C57BL/6 x mix (N=3)|CAST/EiJxC57BL/6J (N=1)",4
"NUDT4","B6D2F1 pure (N=1)|C57BL/6 pure (N=3)|C57BL/6 x mix (N=3)|CAST/EiJxC57BL/6J (N=1)",4
"NUP107","B6D2F1 pure (N=1)|C57BL/6 pure (N=3)|C57BL/6 x mix (N=3)|CAST/EiJxC57BL/6J (N=1)",4
"NXF1","B6D2F1 pure (N=1)|C57BL/6 pure (N=3)|C57BL/6 x mix (N=3)|CAST/EiJxC57BL/6J (N=1)",4
"OAZ1","B6D2F1 pure (N=1)|C57BL/6 pure (N=3)|C57BL/6 x mix (N=3)|CAST/EiJxC57BL/6J (N=1)",4
"OAZ1-PS","B6D2F1 pure (N=1)|C57BL/6 pure (N=3)|C57BL/6 x mix (N=3)|CAST/EiJxC57BL/6J (N=1)",4
"ODC1","B6D2F1 pure (N=1)|C57BL/6 pure (N=3)|C57BL/6 x mix (N=3)|CAST/EiJxC57BL/6J (N=1)",4
"OLA1","B6D2F1 pure (N=1)|C57BL/6 pure (N=3)|C57BL/6 x mix (N=3)|CAST/EiJxC57BL/6J (N=1)",4
"ORMDL2","B6D2F1 pure (N=1)|C57BL/6 pure (N=3)|C57BL/6 x mix (N=3)|CAST/EiJxC57BL/6J (N=1)",4
"OST4","B6D2F1 pure (N=1)|C57BL/6 pure (N=3)|C57BL/6 x mix (N=3)|CAST/EiJxC57BL/6J (N=1)",4
"OTUD6B","B6D2F1 pure (N=1)|C57BL/6 pure (N=3)|C57BL/6 x mix (N=3)|CAST/EiJxC57BL/6J (N=1)",4
"P4HB","B6D2F1 pure (N=1)|C57BL/6 pure (N=3)|C57BL/6 x mix (N=3)|CAST/EiJxC57BL/6J (N=1)",4
"PA2G4","B6D2F1 pure (N=1)|C57BL/6 pure (N=3)|C57BL/6 x mix (N=3)|CAST/EiJxC57BL/6J (N=1)",4
"PABPN1","B6D2F1 pure (N=1)|C57BL/6 pure (N=3)|C57BL/6 x mix (N=3)|CAST/EiJxC57BL/6J (N=1)",4
"PAK2","B6D2F1 pure (N=1)|C57BL/6 pure (N=3)|C57BL/6 x mix (N=3)|CAST/EiJxC57BL/6J (N=1)",4
"PAPOLA","B6D2F1 pure (N=1)|C57BL/6 pure (N=3)|C57BL/6 x mix (N=3)|CAST/EiJxC57BL/6J (N=1)",4
"PBDC1","B6D2F1 pure (N=1)|C57BL/6 pure (N=3)|C57BL/6 x mix (N=3)|CAST/EiJxC57BL/6J (N=1)",4
"PCGF5","B6D2F1 pure (N=1)|C57BL/6 pure (N=3)|C57BL/6 x mix (N=3)|CAST/EiJxC57BL/6J (N=1)",4
"PCMT1","B6D2F1 pure (N=1)|C57BL/6 pure (N=3)|C57BL/6 x mix (N=3)|CAST/EiJxC57BL/6J (N=1)",4
"PDHB","B6D2F1 pure (N=1)|C57BL/6 pure (N=3)|C57BL/6 x mix (N=3)|CAST/EiJxC57BL/6J (N=1)",4
"PDIA3","B6D2F1 pure (N=1)|C57BL/6 pure (N=3)|C57BL/6 x mix (N=3)|CAST/EiJxC57BL/6J (N=1)",4
"PEMT","B6D2F1 pure (N=1)|C57BL/6 pure (N=3)|C57BL/6 x mix (N=3)|CAST/EiJxC57BL/6J (N=1)",4
"PGLYRP1","B6D2F1 pure (N=1)|C57BL/6 pure (N=3)|C57BL/6 x mix (N=3)|CAST/EiJxC57BL/6J (N=1)",4
"PHKG2","B6D2F1 pure (N=1)|C57BL/6 pure (N=3)|C57BL/6 x mix (N=3)|CAST/EiJxC57BL/6J (N=1)",4
"PLATR25","B6D2F1 pure (N=1)|C57BL/6 pure (N=3)|C57BL/6 x mix (N=3)|CAST/EiJxC57BL/6J (N=1)",4
"PMM1","B6D2F1 pure (N=1)|C57BL/6 pure (N=3)|C57BL/6 x mix (N=3)|CAST/EiJxC57BL/6J (N=1)",4
"PMS2","B6D2F1 pure (N=1)|C57BL/6 pure (N=3)|C57BL/6 x mix (N=3)|CAST/EiJxC57BL/6J (N=1)",4
"POLD3","B6D2F1 pure (N=1)|C57BL/6 pure (N=3)|C57BL/6 x mix (N=3)|CAST/EiJxC57BL/6J (N=1)",4
"POLR1C","B6D2F1 pure (N=1)|C57BL/6 pure (N=3)|C57BL/6 x mix (N=3)|CAST/EiJxC57BL/6J (N=1)",4
"POLR1E","B6D2F1 pure (N=1)|C57BL/6 pure (N=3)|C57BL/6 x mix (N=3)|CAST/EiJxC57BL/6J (N=1)",4
"POLR2E","B6D2F1 pure (N=1)|C57BL/6 pure (N=3)|C57BL/6 x mix (N=3)|CAST/EiJxC57BL/6J (N=1)",4
"POLR2F","B6D2F1 pure (N=1)|C57BL/6 pure (N=3)|C57BL/6 x mix (N=3)|CAST/EiJxC57BL/6J (N=1)",4
"POLR2H","B6D2F1 pure (N=1)|C57BL/6 pure (N=3)|C57BL/6 x mix (N=3)|CAST/EiJxC57BL/6J (N=1)",4
"POLR2I","B6D2F1 pure (N=1)|C57BL/6 pure (N=3)|C57BL/6 x mix (N=3)|CAST/EiJxC57BL/6J (N=1)",4
"POLR2J","B6D2F1 pure (N=1)|C57BL/6 pure (N=3)|C57BL/6 x mix (N=3)|CAST/EiJxC57BL/6J (N=1)",4
"POLR2K","B6D2F1 pure (N=1)|C57BL/6 pure (N=3)|C57BL/6 x mix (N=3)|CAST/EiJxC57BL/6J (N=1)",4
"POLR2L","B6D2F1 pure (N=1)|C57BL/6 pure (N=3)|C57BL/6 x mix (N=3)|CAST/EiJxC57BL/6J (N=1)",4
"POLR3B","B6D2F1 pure (N=1)|C57BL/6 pure (N=3)|C57BL/6 x mix (N=3)|CAST/EiJxC57BL/6J (N=1)",4
"POLR3G","B6D2F1 pure (N=1)|C57BL/6 pure (N=3)|C57BL/6 x mix (N=3)|CAST/EiJxC57BL/6J (N=1)",4
"POLR3K","B6D2F1 pure (N=1)|C57BL/6 pure (N=3)|C57BL/6 x mix (N=3)|CAST/EiJxC57BL/6J (N=1)",4
"PPIA","B6D2F1 pure (N=1)|C57BL/6 pure (N=3)|C57BL/6 x mix (N=3)|CAST/EiJxC57BL/6J (N=1)",4
"PPM1A","B6D2F1 pure (N=1)|C57BL/6 pure (N=3)|C57BL/6 x mix (N=3)|CAST/EiJxC57BL/6J (N=1)",4
"PPM1G","B6D2F1 pure (N=1)|C57BL/6 pure (N=3)|C57BL/6 x mix (N=3)|CAST/EiJxC57BL/6J (N=1)",4
"PPP1CC","B6D2F1 pure (N=1)|C57BL/6 pure (N=3)|C57BL/6 x mix (N=3)|CAST/EiJxC57BL/6J (N=1)",4
"PPP1R15A","B6D2F1 pure (N=1)|C57BL/6 pure (N=3)|C57BL/6 x mix (N=3)|CAST/EiJxC57BL/6J (N=1)",4
"PPP1R8","B6D2F1 pure (N=1)|C57BL/6 pure (N=3)|C57BL/6 x mix (N=3)|CAST/EiJxC57BL/6J (N=1)",4
"PPP4R3A","B6D2F1 pure (N=1)|C57BL/6 pure (N=3)|C57BL/6 x mix (N=3)|CAST/EiJxC57BL/6J (N=1)",4
"PRDX5","B6D2F1 pure (N=1)|C57BL/6 pure (N=3)|C57BL/6 x mix (N=3)|CAST/EiJxC57BL/6J (N=1)",4
"PRDX6","B6D2F1 pure (N=1)|C57BL/6 pure (N=3)|C57BL/6 x mix (N=3)|CAST/EiJxC57BL/6J (N=1)",4
"PRPF4B","B6D2F1 pure (N=1)|C57BL/6 pure (N=3)|C57BL/6 x mix (N=3)|CAST/EiJxC57BL/6J (N=1)",4
"PRPS1L3","B6D2F1 pure (N=1)|C57BL/6 pure (N=3)|C57BL/6 x mix (N=3)|CAST/EiJxC57BL/6J (N=1)",4
"PRPSAP1","B6D2F1 pure (N=1)|C57BL/6 pure (N=3)|C57BL/6 x mix (N=3)|CAST/EiJxC57BL/6J (N=1)",4
"PRR13","B6D2F1 pure (N=1)|C57BL/6 pure (N=3)|C57BL/6 x mix (N=3)|CAST/EiJxC57BL/6J (N=1)",4
"PSG16","B6D2F1 pure (N=1)|C57BL/6 pure (N=3)|C57BL/6 x mix (N=3)|CAST/EiJxC57BL/6J (N=1)",4
"PSMA3","B6D2F1 pure (N=1)|C57BL/6 pure (N=3)|C57BL/6 x mix (N=3)|CAST/EiJxC57BL/6J (N=1)",4
"PSMB1","B6D2F1 pure (N=1)|C57BL/6 pure (N=3)|C57BL/6 x mix (N=3)|CAST/EiJxC57BL/6J (N=1)",4
"PSMB4","B6D2F1 pure (N=1)|C57BL/6 pure (N=3)|C57BL/6 x mix (N=3)|CAST/EiJxC57BL/6J (N=1)",4
"PSMB5","B6D2F1 pure (N=1)|C57BL/6 pure (N=3)|C57BL/6 x mix (N=3)|CAST/EiJxC57BL/6J (N=1)",4
"PSMD14","B6D2F1 pure (N=1)|C57BL/6 pure (N=3)|C57BL/6 x mix (N=3)|CAST/EiJxC57BL/6J (N=1)",4
"PSMD7","B6D2F1 pure (N=1)|C57BL/6 pure (N=3)|C57BL/6 x mix (N=3)|CAST/EiJxC57BL/6J (N=1)",4
"PTDSS2","B6D2F1 pure (N=1)|C57BL/6 pure (N=3)|C57BL/6 x mix (N=3)|CAST/EiJxC57BL/6J (N=1)",4
"PTEN","B6D2F1 pure (N=1)|C57BL/6 pure (N=3)|C57BL/6 x mix (N=3)|CAST/EiJxC57BL/6J (N=1)",4
"PTMA","B6D2F1 pure (N=1)|C57BL/6 pure (N=3)|C57BL/6 x mix (N=3)|CAST/EiJxC57BL/6J (N=1)",4
"PTPRG","B6D2F1 pure (N=1)|C57BL/6 pure (N=3)|C57BL/6 x mix (N=3)|CAST/EiJxC57BL/6J (N=1)",4
"PTTG1IP","B6D2F1 pure (N=1)|C57BL/6 pure (N=3)|C57BL/6 x mix (N=3)|CAST/EiJxC57BL/6J (N=1)",4
"RAB1A","B6D2F1 pure (N=1)|C57BL/6 pure (N=3)|C57BL/6 x mix (N=3)|CAST/EiJxC57BL/6J (N=1)",4
"RAB2B","B6D2F1 pure (N=1)|C57BL/6 pure (N=3)|C57BL/6 x mix (N=3)|CAST/EiJxC57BL/6J (N=1)",4
"RAB7","B6D2F1 pure (N=1)|C57BL/6 pure (N=3)|C57BL/6 x mix (N=3)|CAST/EiJxC57BL/6J (N=1)",4
"RABGGTB","B6D2F1 pure (N=1)|C57BL/6 pure (N=3)|C57BL/6 x mix (N=3)|CAST/EiJxC57BL/6J (N=1)",4
"RB1CC1","B6D2F1 pure (N=1)|C57BL/6 pure (N=3)|C57BL/6 x mix (N=3)|CAST/EiJxC57BL/6J (N=1)",4
"RBM42","B6D2F1 pure (N=1)|C57BL/6 pure (N=3)|C57BL/6 x mix (N=3)|CAST/EiJxC57BL/6J (N=1)",4
"RBM5","B6D2F1 pure (N=1)|C57BL/6 pure (N=3)|C57BL/6 x mix (N=3)|CAST/EiJxC57BL/6J (N=1)",4
"RBM8A","B6D2F1 pure (N=1)|C57BL/6 pure (N=3)|C57BL/6 x mix (N=3)|CAST/EiJxC57BL/6J (N=1)",4
"RBMX2","B6D2F1 pure (N=1)|C57BL/6 pure (N=3)|C57BL/6 x mix (N=3)|CAST/EiJxC57BL/6J (N=1)",4
"RIOK3","B6D2F1 pure (N=1)|C57BL/6 pure (N=3)|C57BL/6 x mix (N=3)|CAST/EiJxC57BL/6J (N=1)",4
"RMND1","B6D2F1 pure (N=1)|C57BL/6 pure (N=3)|C57BL/6 x mix (N=3)|CAST/EiJxC57BL/6J (N=1)",4
"RMND5A","B6D2F1 pure (N=1)|C57BL/6 pure (N=3)|C57BL/6 x mix (N=3)|CAST/EiJxC57BL/6J (N=1)",4
"RNF125","B6D2F1 pure (N=1)|C57BL/6 pure (N=3)|C57BL/6 x mix (N=3)|CAST/EiJxC57BL/6J (N=1)",4
"RNF6","B6D2F1 pure (N=1)|C57BL/6 pure (N=3)|C57BL/6 x mix (N=3)|CAST/EiJxC57BL/6J (N=1)",4
"RNF7","B6D2F1 pure (N=1)|C57BL/6 pure (N=3)|C57BL/6 x mix (N=3)|CAST/EiJxC57BL/6J (N=1)",4
"RNGTT","B6D2F1 pure (N=1)|C57BL/6 pure (N=3)|C57BL/6 x mix (N=3)|CAST/EiJxC57BL/6J (N=1)",4
"RNPC3","B6D2F1 pure (N=1)|C57BL/6 pure (N=3)|C57BL/6 x mix (N=3)|CAST/EiJxC57BL/6J (N=1)",4
"RPA2","B6D2F1 pure (N=1)|C57BL/6 pure (N=3)|C57BL/6 x mix (N=3)|CAST/EiJxC57BL/6J (N=1)",4
"RPF2","B6D2F1 pure (N=1)|C57BL/6 pure (N=3)|C57BL/6 x mix (N=3)|CAST/EiJxC57BL/6J (N=1)",4
"RPL10A","B6D2F1 pure (N=1)|C57BL/6 pure (N=3)|C57BL/6 x mix (N=3)|CAST/EiJxC57BL/6J (N=1)",4
"RPL13","B6D2F1 pure (N=1)|C57BL/6 pure (N=3)|C57BL/6 x mix (N=3)|CAST/EiJxC57BL/6J (N=1)",4
"RPL13A","B6D2F1 pure (N=1)|C57BL/6 pure (N=3)|C57BL/6 x mix (N=3)|CAST/EiJxC57BL/6J (N=1)",4
"RPL14","B6D2F1 pure (N=1)|C57BL/6 pure (N=3)|C57BL/6 x mix (N=3)|CAST/EiJxC57BL/6J (N=1)",4
"RPL18","B6D2F1 pure (N=1)|C57BL/6 pure (N=3)|C57BL/6 x mix (N=3)|CAST/EiJxC57BL/6J (N=1)",4
"RPL18A","B6D2F1 pure (N=1)|C57BL/6 pure (N=3)|C57BL/6 x mix (N=3)|CAST/EiJxC57BL/6J (N=1)",4
"RPL19","B6D2F1 pure (N=1)|C57BL/6 pure (N=3)|C57BL/6 x mix (N=3)|CAST/EiJxC57BL/6J (N=1)",4
"RPL21","B6D2F1 pure (N=1)|C57BL/6 pure (N=3)|C57BL/6 x mix (N=3)|CAST/EiJxC57BL/6J (N=1)",4
"RPL22","B6D2F1 pure (N=1)|C57BL/6 pure (N=3)|C57BL/6 x mix (N=3)|CAST/EiJxC57BL/6J (N=1)",4
"RPL23","B6D2F1 pure (N=1)|C57BL/6 pure (N=3)|C57BL/6 x mix (N=3)|CAST/EiJxC57BL/6J (N=1)",4
"RPL24","B6D2F1 pure (N=1)|C57BL/6 pure (N=3)|C57BL/6 x mix (N=3)|CAST/EiJxC57BL/6J (N=1)",4
"RPL26","B6D2F1 pure (N=1)|C57BL/6 pure (N=3)|C57BL/6 x mix (N=3)|CAST/EiJxC57BL/6J (N=1)",4
"RPL28","B6D2F1 pure (N=1)|C57BL/6 pure (N=3)|C57BL/6 x mix (N=3)|CAST/EiJxC57BL/6J (N=1)",4
"RPL30","B6D2F1 pure (N=1)|C57BL/6 pure (N=3)|C57BL/6 x mix (N=3)|CAST/EiJxC57BL/6J (N=1)",4
"RPL31","B6D2F1 pure (N=1)|C57BL/6 pure (N=3)|C57BL/6 x mix (N=3)|CAST/EiJxC57BL/6J (N=1)",4
"RPL34","B6D2F1 pure (N=1)|C57BL/6 pure (N=3)|C57BL/6 x mix (N=3)|CAST/EiJxC57BL/6J (N=1)",4
"RPL35A","B6D2F1 pure (N=1)|C57BL/6 pure (N=3)|C57BL/6 x mix (N=3)|CAST/EiJxC57BL/6J (N=1)",4
"RPL36A","B6D2F1 pure (N=1)|C57BL/6 pure (N=3)|C57BL/6 x mix (N=3)|CAST/EiJxC57BL/6J (N=1)",4
"RPL36AL","B6D2F1 pure (N=1)|C57BL/6 pure (N=3)|C57BL/6 x mix (N=3)|CAST/EiJxC57BL/6J (N=1)",4
"RPL37","B6D2F1 pure (N=1)|C57BL/6 pure (N=3)|C57BL/6 x mix (N=3)|CAST/EiJxC57BL/6J (N=1)",4
"RPL37A","B6D2F1 pure (N=1)|C57BL/6 pure (N=3)|C57BL/6 x mix (N=3)|CAST/EiJxC57BL/6J (N=1)",4
"RPL39","B6D2F1 pure (N=1)|C57BL/6 pure (N=3)|C57BL/6 x mix (N=3)|CAST/EiJxC57BL/6J (N=1)",4
"RPL4","B6D2F1 pure (N=1)|C57BL/6 pure (N=3)|C57BL/6 x mix (N=3)|CAST/EiJxC57BL/6J (N=1)",4
"RPL41","B6D2F1 pure (N=1)|C57BL/6 pure (N=3)|C57BL/6 x mix (N=3)|CAST/EiJxC57BL/6J (N=1)",4
"RPL6","B6D2F1 pure (N=1)|C57BL/6 pure (N=3)|C57BL/6 x mix (N=3)|CAST/EiJxC57BL/6J (N=1)",4
"RPL7","B6D2F1 pure (N=1)|C57BL/6 pure (N=3)|C57BL/6 x mix (N=3)|CAST/EiJxC57BL/6J (N=1)",4
"RPL7L1","B6D2F1 pure (N=1)|C57BL/6 pure (N=3)|C57BL/6 x mix (N=3)|CAST/EiJxC57BL/6J (N=1)",4
"RPL8","B6D2F1 pure (N=1)|C57BL/6 pure (N=3)|C57BL/6 x mix (N=3)|CAST/EiJxC57BL/6J (N=1)",4
"RPLP0","B6D2F1 pure (N=1)|C57BL/6 pure (N=3)|C57BL/6 x mix (N=3)|CAST/EiJxC57BL/6J (N=1)",4
"RPLP1","B6D2F1 pure (N=1)|C57BL/6 pure (N=3)|C57BL/6 x mix (N=3)|CAST/EiJxC57BL/6J (N=1)",4
"RPLP2","B6D2F1 pure (N=1)|C57BL/6 pure (N=3)|C57BL/6 x mix (N=3)|CAST/EiJxC57BL/6J (N=1)",4
"RPP14","B6D2F1 pure (N=1)|C57BL/6 pure (N=3)|C57BL/6 x mix (N=3)|CAST/EiJxC57BL/6J (N=1)",4
"RPRD1A","B6D2F1 pure (N=1)|C57BL/6 pure (N=3)|C57BL/6 x mix (N=3)|CAST/EiJxC57BL/6J (N=1)",4
"RPS10","B6D2F1 pure (N=1)|C57BL/6 pure (N=3)|C57BL/6 x mix (N=3)|CAST/EiJxC57BL/6J (N=1)",4
"RPS11","B6D2F1 pure (N=1)|C57BL/6 pure (N=3)|C57BL/6 x mix (N=3)|CAST/EiJxC57BL/6J (N=1)",4
"RPS12","B6D2F1 pure (N=1)|C57BL/6 pure (N=3)|C57BL/6 x mix (N=3)|CAST/EiJxC57BL/6J (N=1)",4
"RPS13","B6D2F1 pure (N=1)|C57BL/6 pure (N=3)|C57BL/6 x mix (N=3)|CAST/EiJxC57BL/6J (N=1)",4
"RPS14","B6D2F1 pure (N=1)|C57BL/6 pure (N=3)|C57BL/6 x mix (N=3)|CAST/EiJxC57BL/6J (N=1)",4
"RPS15","B6D2F1 pure (N=1)|C57BL/6 pure (N=3)|C57BL/6 x mix (N=3)|CAST/EiJxC57BL/6J (N=1)",4
"RPS16","B6D2F1 pure (N=1)|C57BL/6 pure (N=3)|C57BL/6 x mix (N=3)|CAST/EiJxC57BL/6J (N=1)",4
"RPS17","B6D2F1 pure (N=1)|C57BL/6 pure (N=3)|C57BL/6 x mix (N=3)|CAST/EiJxC57BL/6J (N=1)",4
"RPS19BP1","B6D2F1 pure (N=1)|C57BL/6 pure (N=3)|C57BL/6 x mix (N=3)|CAST/EiJxC57BL/6J (N=1)",4
"RPS2","B6D2F1 pure (N=1)|C57BL/6 pure (N=3)|C57BL/6 x mix (N=3)|CAST/EiJxC57BL/6J (N=1)",4
"RPS21","B6D2F1 pure (N=1)|C57BL/6 pure (N=3)|C57BL/6 x mix (N=3)|CAST/EiJxC57BL/6J (N=1)",4
"RPS23","B6D2F1 pure (N=1)|C57BL/6 pure (N=3)|C57BL/6 x mix (N=3)|CAST/EiJxC57BL/6J (N=1)",4
"RPS24","B6D2F1 pure (N=1)|C57BL/6 pure (N=3)|C57BL/6 x mix (N=3)|CAST/EiJxC57BL/6J (N=1)",4
"RPS25","B6D2F1 pure (N=1)|C57BL/6 pure (N=3)|C57BL/6 x mix (N=3)|CAST/EiJxC57BL/6J (N=1)",4
"RPS26","B6D2F1 pure (N=1)|C57BL/6 pure (N=3)|C57BL/6 x mix (N=3)|CAST/EiJxC57BL/6J (N=1)",4
"RPS27A","B6D2F1 pure (N=1)|C57BL/6 pure (N=3)|C57BL/6 x mix (N=3)|CAST/EiJxC57BL/6J (N=1)",4
"RPS29","B6D2F1 pure (N=1)|C57BL/6 pure (N=3)|C57BL/6 x mix (N=3)|CAST/EiJxC57BL/6J (N=1)",4
"RPS3","B6D2F1 pure (N=1)|C57BL/6 pure (N=3)|C57BL/6 x mix (N=3)|CAST/EiJxC57BL/6J (N=1)",4
"RPS3A1","B6D2F1 pure (N=1)|C57BL/6 pure (N=3)|C57BL/6 x mix (N=3)|CAST/EiJxC57BL/6J (N=1)",4
"RPS4L","B6D2F1 pure (N=1)|C57BL/6 pure (N=3)|C57BL/6 x mix (N=3)|CAST/EiJxC57BL/6J (N=1)",4
"RPS5","B6D2F1 pure (N=1)|C57BL/6 pure (N=3)|C57BL/6 x mix (N=3)|CAST/EiJxC57BL/6J (N=1)",4
"RPS6","B6D2F1 pure (N=1)|C57BL/6 pure (N=3)|C57BL/6 x mix (N=3)|CAST/EiJxC57BL/6J (N=1)",4
"RPS6KB1","B6D2F1 pure (N=1)|C57BL/6 pure (N=3)|C57BL/6 x mix (N=3)|CAST/EiJxC57BL/6J (N=1)",4
"RPS7","B6D2F1 pure (N=1)|C57BL/6 pure (N=3)|C57BL/6 x mix (N=3)|CAST/EiJxC57BL/6J (N=1)",4
"RPS8","B6D2F1 pure (N=1)|C57BL/6 pure (N=3)|C57BL/6 x mix (N=3)|CAST/EiJxC57BL/6J (N=1)",4
"RPS9","B6D2F1 pure (N=1)|C57BL/6 pure (N=3)|C57BL/6 x mix (N=3)|CAST/EiJxC57BL/6J (N=1)",4
"RRP15","B6D2F1 pure (N=1)|C57BL/6 pure (N=3)|C57BL/6 x mix (N=3)|CAST/EiJxC57BL/6J (N=1)",4
"RRP7A","B6D2F1 pure (N=1)|C57BL/6 pure (N=3)|C57BL/6 x mix (N=3)|CAST/EiJxC57BL/6J (N=1)",4
"RRP9","B6D2F1 pure (N=1)|C57BL/6 pure (N=3)|C57BL/6 x mix (N=3)|CAST/EiJxC57BL/6J (N=1)",4
"RSL24D1","B6D2F1 pure (N=1)|C57BL/6 pure (N=3)|C57BL/6 x mix (N=3)|CAST/EiJxC57BL/6J (N=1)",4
"RSRC2","B6D2F1 pure (N=1)|C57BL/6 pure (N=3)|C57BL/6 x mix (N=3)|CAST/EiJxC57BL/6J (N=1)",4
"RSRP1","B6D2F1 pure (N=1)|C57BL/6 pure (N=3)|C57BL/6 x mix (N=3)|CAST/EiJxC57BL/6J (N=1)",4
"RUVBL1","B6D2F1 pure (N=1)|C57BL/6 pure (N=3)|C57BL/6 x mix (N=3)|CAST/EiJxC57BL/6J (N=1)",4
"SAE1","B6D2F1 pure (N=1)|C57BL/6 pure (N=3)|C57BL/6 x mix (N=3)|CAST/EiJxC57BL/6J (N=1)",4
"SAR1A","B6D2F1 pure (N=1)|C57BL/6 pure (N=3)|C57BL/6 x mix (N=3)|CAST/EiJxC57BL/6J (N=1)",4
"SAT1","B6D2F1 pure (N=1)|C57BL/6 pure (N=3)|C57BL/6 x mix (N=3)|CAST/EiJxC57BL/6J (N=1)",4
"SBNO1","B6D2F1 pure (N=1)|C57BL/6 pure (N=3)|C57BL/6 x mix (N=3)|CAST/EiJxC57BL/6J (N=1)",4
"SDF4","B6D2F1 pure (N=1)|C57BL/6 pure (N=3)|C57BL/6 x mix (N=3)|CAST/EiJxC57BL/6J (N=1)",4
"SEC24A","B6D2F1 pure (N=1)|C57BL/6 pure (N=3)|C57BL/6 x mix (N=3)|CAST/EiJxC57BL/6J (N=1)",4
"SEC63","B6D2F1 pure (N=1)|C57BL/6 pure (N=3)|C57BL/6 x mix (N=3)|CAST/EiJxC57BL/6J (N=1)",4
"SET","B6D2F1 pure (N=1)|C57BL/6 pure (N=3)|C57BL/6 x mix (N=3)|CAST/EiJxC57BL/6J (N=1)",4
"SETDB2","B6D2F1 pure (N=1)|C57BL/6 pure (N=3)|C57BL/6 x mix (N=3)|CAST/EiJxC57BL/6J (N=1)",4
"SETX","B6D2F1 pure (N=1)|C57BL/6 pure (N=3)|C57BL/6 x mix (N=3)|CAST/EiJxC57BL/6J (N=1)",4
"SF3B6","B6D2F1 pure (N=1)|C57BL/6 pure (N=3)|C57BL/6 x mix (N=3)|CAST/EiJxC57BL/6J (N=1)",4
"SFI1","B6D2F1 pure (N=1)|C57BL/6 pure (N=3)|C57BL/6 x mix (N=3)|CAST/EiJxC57BL/6J (N=1)",4
"SHMT1","B6D2F1 pure (N=1)|C57BL/6 pure (N=3)|C57BL/6 x mix (N=3)|CAST/EiJxC57BL/6J (N=1)",4
"SIN3A","B6D2F1 pure (N=1)|C57BL/6 pure (N=3)|C57BL/6 x mix (N=3)|CAST/EiJxC57BL/6J (N=1)",4
"SIRT1","B6D2F1 pure (N=1)|C57BL/6 pure (N=3)|C57BL/6 x mix (N=3)|CAST/EiJxC57BL/6J (N=1)",4
"SKA1","B6D2F1 pure (N=1)|C57BL/6 pure (N=3)|C57BL/6 x mix (N=3)|CAST/EiJxC57BL/6J (N=1)",4
"SKA2","B6D2F1 pure (N=1)|C57BL/6 pure (N=3)|C57BL/6 x mix (N=3)|CAST/EiJxC57BL/6J (N=1)",4
"SLC16A6","B6D2F1 pure (N=1)|C57BL/6 pure (N=3)|C57BL/6 x mix (N=3)|CAST/EiJxC57BL/6J (N=1)",4
"SLC25A20","B6D2F1 pure (N=1)|C57BL/6 pure (N=3)|C57BL/6 x mix (N=3)|CAST/EiJxC57BL/6J (N=1)",4
"SLC25A44","B6D2F1 pure (N=1)|C57BL/6 pure (N=3)|C57BL/6 x mix (N=3)|CAST/EiJxC57BL/6J (N=1)",4
"SLC30A6","B6D2F1 pure (N=1)|C57BL/6 pure (N=3)|C57BL/6 x mix (N=3)|CAST/EiJxC57BL/6J (N=1)",4
"SLC38A6","B6D2F1 pure (N=1)|C57BL/6 pure (N=3)|C57BL/6 x mix (N=3)|CAST/EiJxC57BL/6J (N=1)",4
"SLIRP","B6D2F1 pure (N=1)|C57BL/6 pure (N=3)|C57BL/6 x mix (N=3)|CAST/EiJxC57BL/6J (N=1)",4
"SMARCA5","B6D2F1 pure (N=1)|C57BL/6 pure (N=3)|C57BL/6 x mix (N=3)|CAST/EiJxC57BL/6J (N=1)",4
"SMIM4","B6D2F1 pure (N=1)|C57BL/6 pure (N=3)|C57BL/6 x mix (N=3)|CAST/EiJxC57BL/6J (N=1)",4
"SNAPC3","B6D2F1 pure (N=1)|C57BL/6 pure (N=3)|C57BL/6 x mix (N=3)|CAST/EiJxC57BL/6J (N=1)",4
"SNRNP25","B6D2F1 pure (N=1)|C57BL/6 pure (N=3)|C57BL/6 x mix (N=3)|CAST/EiJxC57BL/6J (N=1)",4
"SNRPA","B6D2F1 pure (N=1)|C57BL/6 pure (N=3)|C57BL/6 x mix (N=3)|CAST/EiJxC57BL/6J (N=1)",4
"SNRPC","B6D2F1 pure (N=1)|C57BL/6 pure (N=3)|C57BL/6 x mix (N=3)|CAST/EiJxC57BL/6J (N=1)",4
"SNU13","B6D2F1 pure (N=1)|C57BL/6 pure (N=3)|C57BL/6 x mix (N=3)|CAST/EiJxC57BL/6J (N=1)",4
"SNUPN","B6D2F1 pure (N=1)|C57BL/6 pure (N=3)|C57BL/6 x mix (N=3)|CAST/EiJxC57BL/6J (N=1)",4
"SNX5","B6D2F1 pure (N=1)|C57BL/6 pure (N=3)|C57BL/6 x mix (N=3)|CAST/EiJxC57BL/6J (N=1)",4
"SP140","B6D2F1 pure (N=1)|C57BL/6 pure (N=3)|C57BL/6 x mix (N=3)|CAST/EiJxC57BL/6J (N=1)",4
"SPATA2","B6D2F1 pure (N=1)|C57BL/6 pure (N=3)|C57BL/6 x mix (N=3)|CAST/EiJxC57BL/6J (N=1)",4
"SPC25","B6D2F1 pure (N=1)|C57BL/6 pure (N=3)|C57BL/6 x mix (N=3)|CAST/EiJxC57BL/6J (N=1)",4
"SPDL1","B6D2F1 pure (N=1)|C57BL/6 pure (N=3)|C57BL/6 x mix (N=3)|CAST/EiJxC57BL/6J (N=1)",4
"SPIC","B6D2F1 pure (N=1)|C57BL/6 pure (N=3)|C57BL/6 x mix (N=3)|CAST/EiJxC57BL/6J (N=1)",4
"SRP9","B6D2F1 pure (N=1)|C57BL/6 pure (N=3)|C57BL/6 x mix (N=3)|CAST/EiJxC57BL/6J (N=1)",4
"SRPK1","B6D2F1 pure (N=1)|C57BL/6 pure (N=3)|C57BL/6 x mix (N=3)|CAST/EiJxC57BL/6J (N=1)",4
"SRSF10","B6D2F1 pure (N=1)|C57BL/6 pure (N=3)|C57BL/6 x mix (N=3)|CAST/EiJxC57BL/6J (N=1)",4
"SRSF11","B6D2F1 pure (N=1)|C57BL/6 pure (N=3)|C57BL/6 x mix (N=3)|CAST/EiJxC57BL/6J (N=1)",4
"SRSF2","B6D2F1 pure (N=1)|C57BL/6 pure (N=3)|C57BL/6 x mix (N=3)|CAST/EiJxC57BL/6J (N=1)",4
"SRSF5","B6D2F1 pure (N=1)|C57BL/6 pure (N=3)|C57BL/6 x mix (N=3)|CAST/EiJxC57BL/6J (N=1)",4
"SRSF7","B6D2F1 pure (N=1)|C57BL/6 pure (N=3)|C57BL/6 x mix (N=3)|CAST/EiJxC57BL/6J (N=1)",4
"SS18L2","B6D2F1 pure (N=1)|C57BL/6 pure (N=3)|C57BL/6 x mix (N=3)|CAST/EiJxC57BL/6J (N=1)",4
"SSBP1","B6D2F1 pure (N=1)|C57BL/6 pure (N=3)|C57BL/6 x mix (N=3)|CAST/EiJxC57BL/6J (N=1)",4
"SSSCA1","B6D2F1 pure (N=1)|C57BL/6 pure (N=3)|C57BL/6 x mix (N=3)|CAST/EiJxC57BL/6J (N=1)",4
"STRAP","B6D2F1 pure (N=1)|C57BL/6 pure (N=3)|C57BL/6 x mix (N=3)|CAST/EiJxC57BL/6J (N=1)",4
"STT3A","B6D2F1 pure (N=1)|C57BL/6 pure (N=3)|C57BL/6 x mix (N=3)|CAST/EiJxC57BL/6J (N=1)",4
"SUB1","B6D2F1 pure (N=1)|C57BL/6 pure (N=3)|C57BL/6 x mix (N=3)|CAST/EiJxC57BL/6J (N=1)",4
"SUMO2","B6D2F1 pure (N=1)|C57BL/6 pure (N=3)|C57BL/6 x mix (N=3)|CAST/EiJxC57BL/6J (N=1)",4
"SUPT4A","B6D2F1 pure (N=1)|C57BL/6 pure (N=3)|C57BL/6 x mix (N=3)|CAST/EiJxC57BL/6J (N=1)",4
"SYCE2","B6D2F1 pure (N=1)|C57BL/6 pure (N=3)|C57BL/6 x mix (N=3)|CAST/EiJxC57BL/6J (N=1)",4
"SYT11","B6D2F1 pure (N=1)|C57BL/6 pure (N=3)|C57BL/6 x mix (N=3)|CAST/EiJxC57BL/6J (N=1)",4
"TAF1D","B6D2F1 pure (N=1)|C57BL/6 pure (N=3)|C57BL/6 x mix (N=3)|CAST/EiJxC57BL/6J (N=1)",4
"TALDO1","B6D2F1 pure (N=1)|C57BL/6 pure (N=3)|C57BL/6 x mix (N=3)|CAST/EiJxC57BL/6J (N=1)",4
"TANGO2","B6D2F1 pure (N=1)|C57BL/6 pure (N=3)|C57BL/6 x mix (N=3)|CAST/EiJxC57BL/6J (N=1)",4
"TBC1D23","B6D2F1 pure (N=1)|C57BL/6 pure (N=3)|C57BL/6 x mix (N=3)|CAST/EiJxC57BL/6J (N=1)",4
"TCP1","B6D2F1 pure (N=1)|C57BL/6 pure (N=3)|C57BL/6 x mix (N=3)|CAST/EiJxC57BL/6J (N=1)",4
"TDP2","B6D2F1 pure (N=1)|C57BL/6 pure (N=3)|C57BL/6 x mix (N=3)|CAST/EiJxC57BL/6J (N=1)",4
"TET1","B6D2F1 pure (N=1)|C57BL/6 pure (N=3)|C57BL/6 x mix (N=3)|CAST/EiJxC57BL/6J (N=1)",4
"TFB2M","B6D2F1 pure (N=1)|C57BL/6 pure (N=3)|C57BL/6 x mix (N=3)|CAST/EiJxC57BL/6J (N=1)",4
"TFG","B6D2F1 pure (N=1)|C57BL/6 pure (N=3)|C57BL/6 x mix (N=3)|CAST/EiJxC57BL/6J (N=1)",4
"TGOLN1","B6D2F1 pure (N=1)|C57BL/6 pure (N=3)|C57BL/6 x mix (N=3)|CAST/EiJxC57BL/6J (N=1)",4
"THAP4","B6D2F1 pure (N=1)|C57BL/6 pure (N=3)|C57BL/6 x mix (N=3)|CAST/EiJxC57BL/6J (N=1)",4
"THUMPD3","B6D2F1 pure (N=1)|C57BL/6 pure (N=3)|C57BL/6 x mix (N=3)|CAST/EiJxC57BL/6J (N=1)",4
"TIGAR","B6D2F1 pure (N=1)|C57BL/6 pure (N=3)|C57BL/6 x mix (N=3)|CAST/EiJxC57BL/6J (N=1)",4
"TIMM10","B6D2F1 pure (N=1)|C57BL/6 pure (N=3)|C57BL/6 x mix (N=3)|CAST/EiJxC57BL/6J (N=1)",4
"TIMM17B","B6D2F1 pure (N=1)|C57BL/6 pure (N=3)|C57BL/6 x mix (N=3)|CAST/EiJxC57BL/6J (N=1)",4
"TIPRL","B6D2F1 pure (N=1)|C57BL/6 pure (N=3)|C57BL/6 x mix (N=3)|CAST/EiJxC57BL/6J (N=1)",4
"TLK2","B6D2F1 pure (N=1)|C57BL/6 pure (N=3)|C57BL/6 x mix (N=3)|CAST/EiJxC57BL/6J (N=1)",4
"TMA7","B6D2F1 pure (N=1)|C57BL/6 pure (N=3)|C57BL/6 x mix (N=3)|CAST/EiJxC57BL/6J (N=1)",4
"TMED5","B6D2F1 pure (N=1)|C57BL/6 pure (N=3)|C57BL/6 x mix (N=3)|CAST/EiJxC57BL/6J (N=1)",4
"TMEM120A","B6D2F1 pure (N=1)|C57BL/6 pure (N=3)|C57BL/6 x mix (N=3)|CAST/EiJxC57BL/6J (N=1)",4
"TMEM41B","B6D2F1 pure (N=1)|C57BL/6 pure (N=3)|C57BL/6 x mix (N=3)|CAST/EiJxC57BL/6J (N=1)",4
"TMEM50B","B6D2F1 pure (N=1)|C57BL/6 pure (N=3)|C57BL/6 x mix (N=3)|CAST/EiJxC57BL/6J (N=1)",4
"TMEM59","B6D2F1 pure (N=1)|C57BL/6 pure (N=3)|C57BL/6 x mix (N=3)|CAST/EiJxC57BL/6J (N=1)",4
"TMEM72","B6D2F1 pure (N=1)|C57BL/6 pure (N=3)|C57BL/6 x mix (N=3)|CAST/EiJxC57BL/6J (N=1)",4
"TMEM92","B6D2F1 pure (N=1)|C57BL/6 pure (N=3)|C57BL/6 x mix (N=3)|CAST/EiJxC57BL/6J (N=1)",4
"TNPO3","B6D2F1 pure (N=1)|C57BL/6 pure (N=3)|C57BL/6 x mix (N=3)|CAST/EiJxC57BL/6J (N=1)",4
"TOMM6","B6D2F1 pure (N=1)|C57BL/6 pure (N=3)|C57BL/6 x mix (N=3)|CAST/EiJxC57BL/6J (N=1)",4
"TOMM7","B6D2F1 pure (N=1)|C57BL/6 pure (N=3)|C57BL/6 x mix (N=3)|CAST/EiJxC57BL/6J (N=1)",4
"TOP2A","B6D2F1 pure (N=1)|C57BL/6 pure (N=3)|C57BL/6 x mix (N=3)|CAST/EiJxC57BL/6J (N=1)",4
"TOR1AIP1","B6D2F1 pure (N=1)|C57BL/6 pure (N=3)|C57BL/6 x mix (N=3)|CAST/EiJxC57BL/6J (N=1)",4
"TOX4","B6D2F1 pure (N=1)|C57BL/6 pure (N=3)|C57BL/6 x mix (N=3)|CAST/EiJxC57BL/6J (N=1)",4
"TPR","B6D2F1 pure (N=1)|C57BL/6 pure (N=3)|C57BL/6 x mix (N=3)|CAST/EiJxC57BL/6J (N=1)",4
"TPT1","B6D2F1 pure (N=1)|C57BL/6 pure (N=3)|C57BL/6 x mix (N=3)|CAST/EiJxC57BL/6J (N=1)",4
"TRA2B","B6D2F1 pure (N=1)|C57BL/6 pure (N=3)|C57BL/6 x mix (N=3)|CAST/EiJxC57BL/6J (N=1)",4
"TRAPPC4","B6D2F1 pure (N=1)|C57BL/6 pure (N=3)|C57BL/6 x mix (N=3)|CAST/EiJxC57BL/6J (N=1)",4
"TRIM33","B6D2F1 pure (N=1)|C57BL/6 pure (N=3)|C57BL/6 x mix (N=3)|CAST/EiJxC57BL/6J (N=1)",4
"TRPC4AP","B6D2F1 pure (N=1)|C57BL/6 pure (N=3)|C57BL/6 x mix (N=3)|CAST/EiJxC57BL/6J (N=1)",4
"TSC22D4","B6D2F1 pure (N=1)|C57BL/6 pure (N=3)|C57BL/6 x mix (N=3)|CAST/EiJxC57BL/6J (N=1)",4
"TSR1","B6D2F1 pure (N=1)|C57BL/6 pure (N=3)|C57BL/6 x mix (N=3)|CAST/EiJxC57BL/6J (N=1)",4
"TSR3","B6D2F1 pure (N=1)|C57BL/6 pure (N=3)|C57BL/6 x mix (N=3)|CAST/EiJxC57BL/6J (N=1)",4
"TXNDC9","B6D2F1 pure (N=1)|C57BL/6 pure (N=3)|C57BL/6 x mix (N=3)|CAST/EiJxC57BL/6J (N=1)",4
"UAP1","B6D2F1 pure (N=1)|C57BL/6 pure (N=3)|C57BL/6 x mix (N=3)|CAST/EiJxC57BL/6J (N=1)",4
"UBA52","B6D2F1 pure (N=1)|C57BL/6 pure (N=3)|C57BL/6 x mix (N=3)|CAST/EiJxC57BL/6J (N=1)",4
"UBAP1","B6D2F1 pure (N=1)|C57BL/6 pure (N=3)|C57BL/6 x mix (N=3)|CAST/EiJxC57BL/6J (N=1)",4
"UBC","B6D2F1 pure (N=1)|C57BL/6 pure (N=3)|C57BL/6 x mix (N=3)|CAST/EiJxC57BL/6J (N=1)",4
"UBE2A","B6D2F1 pure (N=1)|C57BL/6 pure (N=3)|C57BL/6 x mix (N=3)|CAST/EiJxC57BL/6J (N=1)",4
"UBE2E3","B6D2F1 pure (N=1)|C57BL/6 pure (N=3)|C57BL/6 x mix (N=3)|CAST/EiJxC57BL/6J (N=1)",4
"UBE2J2","B6D2F1 pure (N=1)|C57BL/6 pure (N=3)|C57BL/6 x mix (N=3)|CAST/EiJxC57BL/6J (N=1)",4
"UBE2L3","B6D2F1 pure (N=1)|C57BL/6 pure (N=3)|C57BL/6 x mix (N=3)|CAST/EiJxC57BL/6J (N=1)",4
"UBR5","B6D2F1 pure (N=1)|C57BL/6 pure (N=3)|C57BL/6 x mix (N=3)|CAST/EiJxC57BL/6J (N=1)",4
"UBXN1","B6D2F1 pure (N=1)|C57BL/6 pure (N=3)|C57BL/6 x mix (N=3)|CAST/EiJxC57BL/6J (N=1)",4
"UFC1","B6D2F1 pure (N=1)|C57BL/6 pure (N=3)|C57BL/6 x mix (N=3)|CAST/EiJxC57BL/6J (N=1)",4
"UGCG","B6D2F1 pure (N=1)|C57BL/6 pure (N=3)|C57BL/6 x mix (N=3)|CAST/EiJxC57BL/6J (N=1)",4
"UQCR10","B6D2F1 pure (N=1)|C57BL/6 pure (N=3)|C57BL/6 x mix (N=3)|CAST/EiJxC57BL/6J (N=1)",4
"USMG5","B6D2F1 pure (N=1)|C57BL/6 pure (N=3)|C57BL/6 x mix (N=3)|CAST/EiJxC57BL/6J (N=1)",4
"USO1","B6D2F1 pure (N=1)|C57BL/6 pure (N=3)|C57BL/6 x mix (N=3)|CAST/EiJxC57BL/6J (N=1)",4
"USP16","B6D2F1 pure (N=1)|C57BL/6 pure (N=3)|C57BL/6 x mix (N=3)|CAST/EiJxC57BL/6J (N=1)",4
"UTP11","B6D2F1 pure (N=1)|C57BL/6 pure (N=3)|C57BL/6 x mix (N=3)|CAST/EiJxC57BL/6J (N=1)",4
"UTP14A","B6D2F1 pure (N=1)|C57BL/6 pure (N=3)|C57BL/6 x mix (N=3)|CAST/EiJxC57BL/6J (N=1)",4
"VMP1","B6D2F1 pure (N=1)|C57BL/6 pure (N=3)|C57BL/6 x mix (N=3)|CAST/EiJxC57BL/6J (N=1)",4
"WAC","B6D2F1 pure (N=1)|C57BL/6 pure (N=3)|C57BL/6 x mix (N=3)|CAST/EiJxC57BL/6J (N=1)",4
"WDR43","B6D2F1 pure (N=1)|C57BL/6 pure (N=3)|C57BL/6 x mix (N=3)|CAST/EiJxC57BL/6J (N=1)",4
"WDR44","B6D2F1 pure (N=1)|C57BL/6 pure (N=3)|C57BL/6 x mix (N=3)|CAST/EiJxC57BL/6J (N=1)",4
"WDR45B","B6D2F1 pure (N=1)|C57BL/6 pure (N=3)|C57BL/6 x mix (N=3)|CAST/EiJxC57BL/6J (N=1)",4
"WDR55","B6D2F1 pure (N=1)|C57BL/6 pure (N=3)|C57BL/6 x mix (N=3)|CAST/EiJxC57BL/6J (N=1)",4
"WDR70","B6D2F1 pure (N=1)|C57BL/6 pure (N=3)|C57BL/6 x mix (N=3)|CAST/EiJxC57BL/6J (N=1)",4
"WIPI2","B6D2F1 pure (N=1)|C57BL/6 pure (N=3)|C57BL/6 x mix (N=3)|CAST/EiJxC57BL/6J (N=1)",4
"WSB1","B6D2F1 pure (N=1)|C57BL/6 pure (N=3)|C57BL/6 x mix (N=3)|CAST/EiJxC57BL/6J (N=1)",4
"XPO1","B6D2F1 pure (N=1)|C57BL/6 pure (N=3)|C57BL/6 x mix (N=3)|CAST/EiJxC57BL/6J (N=1)",4
"YME1L1","B6D2F1 pure (N=1)|C57BL/6 pure (N=3)|C57BL/6 x mix (N=3)|CAST/EiJxC57BL/6J (N=1)",4
"YWHAG","B6D2F1 pure (N=1)|C57BL/6 pure (N=3)|C57BL/6 x mix (N=3)|CAST/EiJxC57BL/6J (N=1)",4
"ZBTB8OS","B6D2F1 pure (N=1)|C57BL/6 pure (N=3)|C57BL/6 x mix (N=3)|CAST/EiJxC57BL/6J (N=1)",4
"ZFP131","B6D2F1 pure (N=1)|C57BL/6 pure (N=3)|C57BL/6 x mix (N=3)|CAST/EiJxC57BL/6J (N=1)",4
"ZFP281","B6D2F1 pure (N=1)|C57BL/6 pure (N=3)|C57BL/6 x mix (N=3)|CAST/EiJxC57BL/6J (N=1)",4
"ZFP410","B6D2F1 pure (N=1)|C57BL/6 pure (N=3)|C57BL/6 x mix (N=3)|CAST/EiJxC57BL/6J (N=1)",4
"ZFP638","B6D2F1 pure (N=1)|C57BL/6 pure (N=3)|C57BL/6 x mix (N=3)|CAST/EiJxC57BL/6J (N=1)",4
"ZFP639","B6D2F1 pure (N=1)|C57BL/6 pure (N=3)|C57BL/6 x mix (N=3)|CAST/EiJxC57BL/6J (N=1)",4
"ZFP958","B6D2F1 pure (N=1)|C57BL/6 pure (N=3)|C57BL/6 x mix (N=3)|CAST/EiJxC57BL/6J (N=1)",4
"ZMAT5","B6D2F1 pure (N=1)|C57BL/6 pure (N=3)|C57BL/6 x mix (N=3)|CAST/EiJxC57BL/6J (N=1)",4
"ZNHIT3","B6D2F1 pure (N=1)|C57BL/6 pure (N=3)|C57BL/6 x mix (N=3)|CAST/EiJxC57BL/6J (N=1)",4
